pollid,caseid,country,mode,t1knowlevel,numitems,pollgroup,groupsize,avgsd,numindices,genvar,readbrief,t1know,t1knowr,t1knowcor,grpgain,t2know,ppage,educ4,minority,hhincome,female,attextreme,highinc,t1polint,avgsd2,grpgain2,t1knowcor2,t12know,t12knowcor,attextreme2,length,timebtw,grpgainr,t1knowrcor,t2knowr,pollname,numissues,pfemale,pminority,varfemale,sdfemale,vareduc,sdeduc,meaned,meanage,phighinc,meanxtreme,pfemale_ind,entropy,meant1know,meant1knowcor,t1knowlevelcor,meant1know_ind,meant1knowcor_ind,meant2know,knowgain,knowgain2,t2knowlevel,logpk,loggain,tobitpk,meant1knowr,meant1knowrcor,t1knowlevelrcor,knowgainr,knowgainr2,educ3,dpnum
2000,80000,2001,0,0.3581213405075139,11,200001,7,0.19612347815817754,6,0,,0.2857142984867096,0.2857142984867096,0.22452030663092443,,0,56,0.66,,,1,0.16666666666666666,,,,,,,,0,2,,,0.22452030663092443,0,"Marousi, Greece",1,0.2857142857142857,,0.20408163265306123,0.45175395145262565,0.15216,0.3900769154923167,0.72,48.285714285714285,0.2,0.1119047619047619,0.16666666666666666,0.863120568566631,0.26530613218035015,0.2025695428049168,0.29097345039298195,0.2619047711292903,0.19891108216724884,0.346938784633364,-0.2857142984867096,-0.22452030663092443,0.35909981545928404,-1.4937891231914315,,0,0.26530613218035015,0.2025695428049168,0.29097345039298195,-0.2857142984867096,-0.22452030663092443,0.5,22
2000,80001,2001,0,0.3581213405075139,11,200001,7,0.19612347815817754,6,0,,0.2857142984867096,0.2857142984867096,0.21475207650403205,,0.4285714328289032,56,0,,0.2,0,0.06666666666666667,0,,,,,,,0.05000000000000001,2,,,0.21475207650403205,0.4285714328289032,"Marousi, Greece",1,0.2857142857142857,,0.20408163265306123,0.45175395145262565,0.15216,0.3900769154923167,0.72,48.285714285714285,0.2,0.1119047619047619,0.3333333333333333,0.863120568566631,0.26530613218035015,0.2025695428049168,0.29097345039298195,0.2619047711292903,0.20053912052173092,0.346938784633364,0.1428571343421936,0.21381935632487115,0.35909981545928404,-1.5382710487627416,,0,0.26530613218035015,0.2025695428049168,0.29097345039298195,0.1428571343421936,0.21381935632487115,0,22
2000,80002,2001,0,0.3581213405075139,11,200001,7,0.19612347815817754,6,0,,0.1428571492433548,0.1428571492433548,0.10303011265601651,,0.4285714328289032,38,,,0.4,0,0.06666666666666667,0,,,,,,,0.5,2,,,0.10303011265601651,0.4285714328289032,"Marousi, Greece",1,0.2857142857142857,,0.20408163265306123,0.45175395145262565,0.15216,0.3900769154923167,0.72,48.285714285714285,0.2,0.1119047619047619,0.3333333333333333,0.863120568566631,0.26530613218035015,0.2025695428049168,0.29097345039298195,0.2857142960031827,0.2191594478297335,0.346938784633364,0.2857142835855484,0.3255413201728867,0.35909981545928404,-2.2727339775964994,,0,0.26530613218035015,0.2025695428049168,0.29097345039298195,0.2857142835855484,0.3255413201728867,,22
2000,80003,2001,0,0.3581213405075139,11,200001,7,0.19612347815817754,6,0,,0.2857142984867096,0.2857142984867096,0.20238777437544186,,0.5714285969734192,48,1,,0.4,0,0,0,,,,,,,0,2,,,0.20238777437544186,0.5714285969734192,"Marousi, Greece",1,0.2857142857142857,,0.20408163265306123,0.45175395145262565,0.15216,0.3900769154923167,0.72,48.285714285714285,0.2,0.1119047619047619,0.3333333333333333,0.863120568566631,0.26530613218035015,0.2025695428049168,0.29097345039298195,0.2619047711292903,0.2025998375431626,0.346938784633364,0.2857142984867096,0.3690408225979773,0.35909981545928404,-1.5975697466765684,,0,0.26530613218035015,0.2025695428049168,0.29097345039298195,0.2857142984867096,0.3690408225979773,1,22
2000,80004,2001,0,0.3581213405075139,11,200001,7,0.19612347815817754,6,0,,0.2857142984867096,0.2857142984867096,0.2608551256857212,,0.2857142984867096,31,0.66,,0.4,0,0.3333333333333333,0,,,,,,,0.4,2,,,0.2608551256857212,0.2857142984867096,"Marousi, Greece",1,0.2857142857142857,,0.20408163265306123,0.45175395145262565,0.15216,0.3900769154923167,0.72,48.285714285714285,0.2,0.1119047619047619,0.3333333333333333,0.863120568566631,0.26530613218035015,0.2025695428049168,0.29097345039298195,0.2619047711292903,0.19285527899144939,0.346938784633364,0,0.02485917280098837,0.35909981545928404,-1.3437900997711163,,0,0.26530613218035015,0.2025695428049168,0.29097345039298195,0,0.02485917280098837,0.5,22
2000,80005,2001,0,0.3581213405075139,11,200002,8,0.16640585379254116,6,0.0051063421831058844,,0.4285714328289032,0.4285714328289032,0.3635416545053761,,0.2857142984867096,67,0,,0,0,0.075,0,,,,,,,0,2,,,0.3635416545053761,0.2857142984867096,"Marousi, Greece",1,0.5,,0.25,0.5,12.144457142857142,3.4848898322410626,3.282857142857143,56,0,0.09979166666666667,0.5714285714285714,1,0.3928571566939354,0.33475675674910405,0.29097345039298195,0.38775511724608286,0.330644628498208,0.46428572945296764,-0.1428571343421936,-0.07782735601866653,0.35909981545928404,-1.0118613957117157,,0,0.3928571566939354,0.33475675674910405,0.29097345039298195,-0.1428571343421936,-0.07782735601866653,0,22
2000,80006,2001,0,0.3581213405075139,11,200002,8,0.16640585379254116,6,0.0051063421831058844,,0.5714285969734192,0.5714285969734192,0.5054193267275202,,0.5714285969734192,61,7,,0.4,0,0.06666666666666667,0,,,,,,,0,2,,,0.5054193267275202,0.5714285969734192,"Marousi, Greece",1,0.5,,0.25,0.5,12.144457142857142,3.4848898322410626,3.282857142857143,56,0,0.09979166666666667,0.5714285714285714,1,0.3928571566939354,0.33475675674910405,0.29097345039298195,0.3673469509397234,0.31037638960933034,0.46428572945296764,0,0.06600927024589898,0.35909981545928404,-0.6823668443010978,,0,0.3928571566939354,0.33475675674910405,0.29097345039298195,0,0.06600927024589898,0.5,22
2000,80007,2001,0,0.3581213405075139,11,200002,8,0.16640585379254116,6,0.0051063421831058844,,0.1428571492433548,0.1428571492433548,0.07637555926581722,,0.1428571492433548,72,0.66,,0.4,1,0.05000000000000001,0,,,,,,,0.08333333333333333,2,,,0.07637555926581722,0.1428571492433548,"Marousi, Greece",1,0.5,,0.25,0.5,12.144457142857142,3.4848898322410626,3.282857142857143,56,0,0.09979166666666667,0.42857142857142855,1,0.3928571566939354,0.33475675674910405,0.29097345039298195,0.42857144347258974,0.3716683563895736,0.46428572945296764,0,0.06648158997753757,0.35909981545928404,-2.57209253888783,,0,0.3928571566939354,0.33475675674910405,0.29097345039298195,0,0.06648158997753757,0.5,22
2000,80008,2001,0,0.3581213405075139,11,200002,8,0.16640585379254116,6,0.0051063421831058844,,0.2857142984867096,0.2857142984867096,0.2226266468550775,,0.4285714328289032,56,0.66,,0.8,1,0.033333333333333326,0,,,,,,,0.1333333333333333,2,,,0.2226266468550775,0.4285714328289032,"Marousi, Greece",1,0.5,,0.25,0.5,12.144457142857142,3.4848898322410626,3.282857142857143,56,0,0.09979166666666667,0.42857142857142855,1,0.3928571566939354,0.33475675674910405,0.29097345039298195,0.40816327929496765,0.35077534387682213,0.46428572945296764,0.1428571343421936,0.2059447859738257,0.35909981545928404,-1.5022591399596834,,0,0.3928571566939354,0.33475675674910405,0.29097345039298195,0.1428571343421936,0.2059447859738257,0.5,22
2000,80009,2001,0,0.3581213405075139,11,200002,8,0.16640585379254116,6,0.0051063421831058844,,0.5714285969734192,0.5714285969734192,0.5067013300415716,,0.4285714328289032,41,7,,0.4,1,0.13333333333333333,0,,,,,,,0.3,2,,,0.5067013300415716,0.4285714328289032,"Marousi, Greece",1,0.5,,0.25,0.5,12.144457142857142,3.4848898322410626,3.282857142857143,56,0,0.09979166666666667,0.42857142857142855,1,0.3928571566939354,0.33475675674910405,0.29097345039298195,0.3673469509397234,0.31019324627875156,0.46428572945296764,-0.142857164144516,-0.07812989721266839,0.35909981545928404,-0.6798335415943603,,0,0.3928571566939354,0.33475675674910405,0.29097345039298195,-0.142857164144516,-0.07812989721266839,0.5,22
2000,80010,2001,0,0.3581213405075139,11,200002,8,0.16640585379254116,6,0.0051063421831058844,,0.1428571492433548,0.1428571492433548,0.10925984237741196,,0.5714285969734192,33,,,,1,0.165,,,,,,,,0.15,2,,,0.10925984237741196,0.5714285969734192,"Marousi, Greece",1,0.5,,0.25,0.5,12.144457142857142,3.4848898322410626,3.282857142857143,56,0,0.09979166666666667,0.42857142857142855,1,0.3928571566939354,0.33475675674910405,0.29097345039298195,0.42857144347258974,0.36697060165934575,0.46428572945296764,0.4285714477300644,0.46216875459600726,0.35909981545928404,-2.2140263586532414,,0,0.3928571566939354,0.33475675674910405,0.29097345039298195,0.4285714477300644,0.46216875459600726,,22
2000,80011,2001,0,0.3581213405075139,11,200002,8,0.16640585379254116,6,0.0051063421831058844,,0.4285714328289032,0.4285714328289032,0.3830843227648857,,0.5714285969734192,57,0.66,,0.4,0,0.275,0,,,,,,,0.25,2,,,0.3830843227648857,0.5714285969734192,"Marousi, Greece",1,0.5,,0.25,0.5,12.144457142857142,3.4848898322410626,3.282857142857143,56,0,0.09979166666666667,0.5714285714285714,1,0.3928571566939354,0.33475675674910405,0.29097345039298195,0.38775511724608286,0.3278528187468495,0.46428572945296764,0.142857164144516,0.1883442742085335,0.35909981545928404,-0.9595001501570146,,0,0.3928571566939354,0.33475675674910405,0.29097345039298195,0.142857164144516,0.1883442742085335,0.5,22
2000,80012,2001,0,0.3581213405075139,11,200003,10,0.21261950045802427,6,0.13995757908014386,,0.4285714328289032,0.4285714328289032,0.35647736622953485,,0,48,1,,0.2,1,0.31666666666666665,0,,,,,,,0.25,2,,,0.35647736622953485,0,"Marousi, Greece",1,0.7,,0.21000000000000002,0.45825756949558405,6.601884444444444,2.569413249059879,2.132,40.1,0.2,0.13916666666666666,0.6666666666666666,0.8812908992306927,0.38571429550647734,0.3148212021871051,0.29097345039298195,0.3809523913595412,0.310192739515724,0.428571443259716,-0.4285714328289032,-0.35647736622953485,0.35909981545928404,-1.0314845299804973,,0,0.38571429550647734,0.3148212021871051,0.29097345039298195,-0.4285714328289032,-0.35647736622953485,1,22
2000,80013,2001,0,0.3581213405075139,11,200003,10,0.21261950045802427,6,0.13995757908014386,,0.1428571492433548,0.1428571492433548,0.06019695871256103,,0.1428571492433548,34,7,,,1,0.13333333333333333,,,,,,,,0.033333333333333326,2,,,0.06019695871256103,0.1428571492433548,"Marousi, Greece",1,0.7,,0.21000000000000002,0.45825756949558405,6.601884444444444,2.569413249059879,2.132,40.1,0.2,0.13916666666666666,0.6666666666666666,0.8812908992306927,0.38571429550647734,0.3148212021871051,0.29097345039298195,0.4126984228690465,0.3431127847953877,0.428571443259716,0,0.08266019053079376,0.35909981545928404,-2.810133447668426,,0,0.38571429550647734,0.3148212021871051,0.29097345039298195,0,0.08266019053079376,0.5,22
2000,80014,2001,0,0.3581213405075139,11,200003,10,0.21261950045802427,6,0.13995757908014386,,0.4285714328289032,0.4285714328289032,0.3454926301377674,,0.7142857313156128,48,1,,0.8,1,0,0,,,,,,,0.08333333333333333,2,,,0.3454926301377674,0.7142857313156128,"Marousi, Greece",1,0.7,,0.21000000000000002,0.45825756949558405,6.601884444444444,2.569413249059879,2.132,40.1,0.2,0.13916666666666666,0.6666666666666666,0.8812908992306927,0.38571429550647734,0.3148212021871051,0.29097345039298195,0.3809523913595412,0.3114132657481426,0.428571443259716,0.2857142984867096,0.3687931011778454,0.35909981545928404,-1.0627839670069363,,0,0.38571429550647734,0.3148212021871051,0.29097345039298195,0.2857142984867096,0.3687931011778454,1,22
2000,80015,2001,0,0.3581213405075139,11,200003,10,0.21261950045802427,6,0.13995757908014386,,0.2857142984867096,0.2857142984867096,0.22994791171381282,,0.2857142984867096,58,0.66,,,1,0.033333333333333326,,,,,,,,0.16666666666666666,2,,,0.22994791171381282,0.2857142984867096,"Marousi, Greece",1,0.7,,0.21000000000000002,0.45825756949558405,6.601884444444444,2.569413249059879,2.132,40.1,0.2,0.13916666666666666,0.6666666666666666,0.8812908992306927,0.38571429550647734,0.3148212021871051,0.29097345039298195,0.3968254062864516,0.32425156779524866,0.428571443259716,0,0.055766386772896775,0.35909981545928404,-1.4699024665168374,,0,0.38571429550647734,0.3148212021871051,0.29097345039298195,0,0.055766386772896775,0.5,22
2000,80016,2001,0,0.3581213405075139,11,200003,10,0.21261950045802427,6,0.13995757908014386,,0.1428571492433548,0.1428571492433548,0.1067565321518198,,0.5714285969734192,43,1,,0.6,0,0.06666666666666665,0,,,,,,,0.11666666666666665,2,,,0.1067565321518198,0.5714285969734192,"Marousi, Greece",1,0.7,,0.21000000000000002,0.45825756949558405,6.601884444444444,2.569413249059879,2.132,40.1,0.2,0.13916666666666666,0.7777777777777778,0.8812908992306927,0.38571429550647734,0.3148212021871051,0.29097345039298195,0.4126984228690465,0.3379394988576923,0.428571443259716,0.4285714477300644,0.4646720648215994,0.35909981545928404,-2.2372044376277533,,0,0.38571429550647734,0.3148212021871051,0.29097345039298195,0.4285714477300644,0.4646720648215994,1,22
2000,80017,2001,0,0.3581213405075139,11,200003,10,0.21261950045802427,6,0.13995757908014386,,0.4285714328289032,0.4285714328289032,0.3385195314720799,,0.7142857313156128,43,1,,0.8,1,0.4083333333333333,0,,,,,,,0.475,2,,,0.3385195314720799,0.7142857313156128,"Marousi, Greece",1,0.7,,0.21000000000000002,0.45825756949558405,6.601884444444444,2.569413249059879,2.132,40.1,0.2,0.13916666666666666,0.6666666666666666,0.8812908992306927,0.38571429550647734,0.3148212021871051,0.29097345039298195,0.3809523913595412,0.3121880544887745,0.428571443259716,0.2857142984867096,0.3757661998435329,0.35909981545928404,-1.0831734882291635,,0,0.38571429550647734,0.3148212021871051,0.29097345039298195,0.2857142984867096,0.3757661998435329,1,22
2000,80018,2001,0,0.3581213405075139,11,200004,11,0.2493843784660947,6,0.11936182537482054,,0.2857142984867096,0.2857142984867096,0.22071562659386323,,0.5714285969734192,53,0.66,,0.4,1,0.20833333333333331,0,,,,,,,0.21666666666666665,2,,,0.22071562659386323,0.5714285969734192,"Marousi, Greece",1,0.36363636363636365,,0.23140495867768596,0.48104569292083466,7.042973333333333,2.653860081717447,1.998,51.90909090909091,0.3333333333333333,0.16121212121212122,0.3,2.7492447304378675,0.38961039889942517,0.31938643944381295,0.29097345039298195,0.4000000089406967,0.3292535207288079,0.2727272781458768,0.2857142984867096,0.35071297037955595,0.35909981545928404,-1.5108801635415066,,0,0.38961039889942517,0.31938643944381295,0.29097345039298195,0.2857142984867096,0.35071297037955595,0.5,22
2000,80019,2001,0,0.3581213405075139,11,200004,11,0.2493843784660947,6,0.11936182537482054,,0.4285714328289032,0.4285714328289032,0.35358202494332064,,0.4285714328289032,56,0.66,,0.6,1,0.15,0,,,,,,,0.2833333333333333,2,,,0.35358202494332064,0.4285714328289032,"Marousi, Greece",1,0.36363636363636365,,0.23140495867768596,0.48104569292083466,7.042973333333333,2.653860081717447,1.998,51.90909090909091,0.3333333333333333,0.16121212121212122,0.3,2.7492447304378675,0.38961039889942517,0.31938643944381295,0.29097345039298195,0.38571429550647734,0.31596688089386216,0.2727272781458768,0,0.07498940788558256,0.35909981545928404,-1.0396397839470728,,0,0.38961039889942517,0.31938643944381295,0.29097345039298195,0,0.07498940788558256,0.5,22
2000,80020,2001,0,0.3581213405075139,11,200004,11,0.2493843784660947,6,0.11936182537482054,,0.2857142984867096,0.2857142984867096,0.20958577060891392,,0,74,,,0.2,0,0,0,,,,,,,0,2,,,0.20958577060891392,0,"Marousi, Greece",1,0.36363636363636365,,0.23140495867768596,0.48104569292083466,7.042973333333333,2.653860081717447,1.998,51.90909090909091,0.3333333333333333,0.16121212121212122,0.4,2.7492447304378675,0.38961039889942517,0.31938643944381295,0.29097345039298195,0.4000000089406967,0.3303665063273028,0.2727272781458768,-0.2857142984867096,-0.20958577060891392,0.35909981545928404,-1.5626222171560165,,0,0.38961039889942517,0.31938643944381295,0.29097345039298195,-0.2857142984867096,-0.20958577060891392,,22
2000,80021,2001,0,0.3581213405075139,11,200004,11,0.2493843784660947,6,0.11936182537482054,,0.2857142984867096,0.2857142984867096,0.19523399638876204,,0.4285714328289032,57,0,,0.2,1,0.26666666666666666,0,,,,,,,0.21666666666666667,2,,,0.19523399638876204,0.4285714328289032,"Marousi, Greece",1,0.36363636363636365,,0.23140495867768596,0.48104569292083466,7.042973333333333,2.653860081717447,1.998,51.90909090909091,0.3333333333333333,0.16121212121212122,0.3,2.7492447304378675,0.38961039889942517,0.31938643944381295,0.29097345039298195,0.4000000089406967,0.331801683749318,0.2727272781458768,0.1428571343421936,0.23333743644014115,0.35909981545928404,-1.633556458339881,,0,0.38961039889942517,0.31938643944381295,0.29097345039298195,0.1428571343421936,0.23333743644014115,0,22
2000,80022,2001,0,0.3581213405075139,11,200004,11,0.2493843784660947,6,0.11936182537482054,,0.2857142984867096,0.2857142984867096,0.2076241051123192,,0.4285714328289032,65,1,,0.8,0,0.09166666666666666,0,,,,,,,0.08333333333333331,2,,,0.2076241051123192,0.4285714328289032,"Marousi, Greece",1,0.36363636363636365,,0.23140495867768596,0.48104569292083466,7.042973333333333,2.653860081717447,1.998,51.90909090909091,0.3333333333333333,0.16121212121212122,0.4,2.7492447304378675,0.38961039889942517,0.31938643944381295,0.29097345039298195,0.4000000089406967,0.3305626728769623,0.2727272781458768,0.1428571343421936,0.22094732771658399,0.35909981545928404,-1.5720260211732264,,0,0.38961039889942517,0.31938643944381295,0.29097345039298195,0.1428571343421936,0.22094732771658399,1,22
2000,80023,2001,0,0.3581213405075139,11,200005,8,0.23195193614103382,6,0.13733384528723352,,0.2857142984867096,0.2857142984867096,0.20191587433369432,,0.4285714328289032,63,,,,1,0.033333333333333326,,,,,,,,0.09999999999999999,2,,,0.20191587433369432,0.4285714328289032,"Marousi, Greece",1,0.625,,0.234375,0.48412291827592713,12.238095238095237,3.498298906339371,3.2857142857142856,57.25,0,0.18895833333333334,0.5714285714285714,0.954434002924965,0.35714286752045155,0.288127345762921,0.29097345039298195,0.3673469488109861,0.3004432702528105,0.321428582072258,0.1428571343421936,0.22665555849520888,0.35909981545928404,-1.5999041320206042,,0,0.35714286752045155,0.288127345762921,0.29097345039298195,0.1428571343421936,0.22665555849520888,,22
2000,80024,2001,0,0.3581213405075139,11,200005,8,0.23195193614103382,6,0.13733384528723352,,0.2857142984867096,0.2857142984867096,0.2217621416763564,,0.4285714328289032,48,7,,0.8,1,0.09999999999999999,0,,,,,,,0.2,2,,,0.2217621416763564,0.4285714328289032,"Marousi, Greece",1,0.625,,0.234375,0.48412291827592713,12.238095238095237,3.498298906339371,3.2857142857142856,57.25,0,0.18895833333333334,0.5714285714285714,0.954434002924965,0.35714286752045155,0.288127345762921,0.29097345039298195,0.3673469488109861,0.2976080892038588,0.321428582072258,0.1428571343421936,0.2068092911525468,0.35909981545928404,-1.5061499053957559,,0,0.35714286752045155,0.288127345762921,0.29097345039298195,0.1428571343421936,0.2068092911525468,0.5,22
2000,80025,2001,0,0.3581213405075139,11,200005,8,0.23195193614103382,6,0.13733384528723352,,0.4285714328289032,0.4285714328289032,0.34845135533875776,,0.2857142984867096,30,7,,0.8,0,0.2783333333333333,0,,,,,,,0.43333333333333335,2,,,0.34845135533875776,0.2857142984867096,"Marousi, Greece",1,0.625,,0.234375,0.48412291827592713,12.238095238095237,3.498298906339371,3.2857142857142856,57.25,0,0.18895833333333334,0.7142857142857143,0.954434002924965,0.35714286752045155,0.288127345762921,0.29097345039298195,0.3469387867621013,0.27950963010923,0.321428582072258,-0.1428571343421936,-0.06273705685204817,0.35909981545928404,-1.0542566414832546,,0,0.35714286752045155,0.288127345762921,0.29097345039298195,-0.1428571343421936,-0.06273705685204817,0.5,22
2000,80026,2001,0,0.3581213405075139,11,200005,8,0.23195193614103382,6,0.13733384528723352,,0.4285714328289032,0.4285714328289032,0.3433657330145042,,0.5714285969734192,51,1,,0.6,1,0.2,0,,,,,,,0.15,2,,,0.3433657330145042,0.5714285969734192,"Marousi, Greece",1,0.625,,0.234375,0.48412291827592713,12.238095238095237,3.498298906339371,3.2857142857142856,57.25,0,0.18895833333333334,0.5714285714285714,0.954434002924965,0.35714286752045155,0.288127345762921,0.29097345039298195,0.3469387867621013,0.2802361475841234,0.321428582072258,0.142857164144516,0.228062863958915,0.35909981545928404,-1.068959122875535,,0,0.35714286752045155,0.288127345762921,0.29097345039298195,0.142857164144516,0.228062863958915,1,22
2000,80027,2001,0,0.3581213405075139,11,200006,10,0.23437745834201174,6,0.13807942406497534,,0.2857142984867096,0.2857142984867096,0.20128637566486068,,0.4285714328289032,55,0.66,,0.2,0,0,0,,,,,,,0.08333333333333333,2,,,0.20128637566486068,0.4285714328289032,"Marousi, Greece",1,0.4,,0.24,0.4898979485566356,4.2587777777777776,2.063680638514055,1.5155555555555555,56.1,0.125,0.18683333333333332,0.4444444444444444,0.9709505944546686,0.3571428686380386,0.28829295594124826,0.29097345039298195,0.3650793764326308,0.29796035374973573,0.3714285805821419,0.1428571343421936,0.22728505716404251,0.35909981545928404,-1.6030266303712621,,0,0.3571428686380386,0.28829295594124826,0.29097345039298195,0.1428571343421936,0.22728505716404251,0.5,22
2000,80028,2001,0,0.3581213405075139,11,200006,10,0.23437745834201174,6,0.13807942406497534,,0.1428571492433548,0.1428571492433548,0.05866642918433107,,0.1428571492433548,49,0.66,,0.2,1,0.35833333333333334,0,,,,,,,0,2,,,0.05866642918433107,0.1428571492433548,"Marousi, Greece",1,0.4,,0.24,0.4898979485566356,4.2587777777777776,2.063680638514055,1.5155555555555555,56.1,0.125,0.18683333333333332,0.3333333333333333,0.9709505944546686,0.3571428686380386,0.28829295594124826,0.29097345039298195,0.3809523930152257,0.3138070144697946,0.3714285805821419,0,0.08419072005902373,0.35909981545928404,-2.835887620614645,,0,0.3571428686380386,0.28829295594124826,0.29097345039298195,0,0.08419072005902373,0.5,22
2000,80029,2001,0,0.3581213405075139,11,200006,10,0.23437745834201174,6,0.13807942406497534,,0.4285714328289032,0.4285714328289032,0.3781734236312334,,0.4285714328289032,62,0.66,,0.2,0,0.26666666666666666,0,,,,,,,0,2,,,0.3781734236312334,0.4285714328289032,"Marousi, Greece",1,0.4,,0.24,0.4898979485566356,4.2587777777777776,2.063680638514055,1.5155555555555555,56.1,0.125,0.18683333333333332,0.4444444444444444,0.9709505944546686,0.3571428686380386,0.28829295594124826,0.29097345039298195,0.3492063615057204,0.27830623730902765,0.3714285805821419,0,0.05039800919766979,0.35909981545928404,-0.9724023959005087,,0,0.3571428686380386,0.28829295594124826,0.29097345039298195,0,0.05039800919766979,0.5,22
2000,80030,2001,0,0.3581213405075139,11,200006,10,0.23437745834201174,6,0.13807942406497534,,0.2857142984867096,0.2857142984867096,0.2288312392239099,,0.4285714328289032,78,1,,0.2,1,0.16666666666666666,0,,,,,,,0,2,,,0.2288312392239099,0.4285714328289032,"Marousi, Greece",1,0.4,,0.24,0.4898979485566356,4.2587777777777776,2.063680638514055,1.5155555555555555,56.1,0.125,0.18683333333333332,0.3333333333333333,0.9709505944546686,0.3571428686380386,0.28829295594124826,0.29097345039298195,0.3650793764326308,0.29489981335428583,0.3714285805821419,0.1428571343421936,0.1997401936049933,0.35909981545928404,-1.474770493727022,,0,0.3571428686380386,0.28829295594124826,0.29097345039298195,0.1428571343421936,0.1997401936049933,1,22
2000,80031,2001,0,0.3581213405075139,11,200006,10,0.23437745834201174,6,0.13807942406497534,,0.5714285969734192,0.5714285969734192,0.5127170696503942,,0.7142857313156128,26,,,0.8,0,0.18333333333333335,0,,,,,,,0.33333333333333337,2,,,0.5127170696503942,0.7142857313156128,"Marousi, Greece",1,0.4,,0.24,0.4898979485566356,4.2587777777777776,2.063680638514055,1.5155555555555555,56.1,0.125,0.18683333333333332,0.4444444444444444,0.9709505944546686,0.3571428686380386,0.28829295594124826,0.29097345039298195,0.3333333432674408,0.2633569433068987,0.3714285805821419,0.1428571343421936,0.20156866166521858,0.35909981545928404,-0.6680311071044285,,0,0.3571428686380386,0.28829295594124826,0.29097345039298195,0.1428571343421936,0.20156866166521858,,22
2000,80032,2001,0,0.3581213405075139,11,200006,10,0.23437745834201174,6,0.13807942406497534,,0.2857142984867096,0.2857142984867096,0.20825654608292476,,0.5714285969734192,80,0.66,,,0,0.16666666666666666,,,,,,,,0.3333333333333333,2,,,0.20825654608292476,0.5714285969734192,"Marousi, Greece",1,0.4,,0.24,0.4898979485566356,4.2587777777777776,2.063680638514055,1.5155555555555555,56.1,0.125,0.18683333333333332,0.4444444444444444,0.9709505944546686,0.3571428686380386,0.28829295594124826,0.29097345039298195,0.3650793764326308,0.29718589036995086,0.3714285805821419,0.2857142984867096,0.3631720508904944,0.35909981545928404,-1.5689845646576681,,0,0.3571428686380386,0.28829295594124826,0.29097345039298195,0.2857142984867096,0.3631720508904944,0.5,22
2000,80033,2001,0,0.3581213405075139,11,200006,10,0.23437745834201174,6,0.13807942406497534,,0.4285714328289032,0.4285714328289032,0.34380361761628264,,0.5714285969734192,38,1,,0.8,1,0,0,,,,,,,0.10000000000000002,2,,,0.34380361761628264,0.5714285969734192,"Marousi, Greece",1,0.4,,0.24,0.4898979485566356,4.2587777777777776,2.063680638514055,1.5155555555555555,56.1,0.125,0.18683333333333332,0.3333333333333333,0.9709505944546686,0.3571428686380386,0.28829295594124826,0.29097345039298195,0.3492063615057204,0.2821251046440222,0.3714285805821419,0.142857164144516,0.22762497935713655,0.35909981545928404,-1.0676846636446455,,0,0.3571428686380386,0.28829295594124826,0.29097345039298195,0.142857164144516,0.22762497935713655,1,22
2000,80034,2001,0,0.3581213405075139,11,200007,8,0.07127112764170482,6,0,,0.1428571492433548,0.1428571492433548,0.051116112551267454,,0.5714285969734192,48,0,,0.2,0,0,0,,,,,,,0,2,,,0.051116112551267454,0.5714285969734192,"Marousi, Greece",1,0.25,,0.1875,0.4330127018922193,4.985485714285714,2.2328201258242264,1.54,50.125,0.6666666666666666,0.03125,0.2857142857142857,2.561278124459133,0.23214286379516125,0.15024624207210924,0.29097345039298195,0.24489796587399074,0.1644076891465152,0.160714291036129,0.4285714477300644,0.5203124844221517,0.35909981545928404,-2.9736555173587034,,0,0.23214286379516125,0.15024624207210924,0.29097345039298195,0.4285714477300644,0.5203124844221517,0,22
2000,80035,2001,0,0.3581213405075139,11,200008,11,0.25377215506703366,6,0.17834821496417072,,0.7142857313156128,0.7142857313156128,0.6677142874018901,,0.2857142984867096,67,0.66,,0,0,0.24166666666666667,0,,,,,,,0.08333333333333333,2,,,0.6677142874018901,0.2857142984867096,"Marousi, Greece",1,0.5454545454545454,,0.24793388429752067,0.4979295977319692,9.444604444444444,3.0732075173089832,2.564,47.72727272727273,0.125,0.18984848484848485,0.6,2.7976146373141844,0.3376623459837653,0.2649228248165243,0.29097345039298195,0.3000000074505806,0.22464367855798772,0.3246753351254897,-0.4285714328289032,-0.3819999889151805,0.35909981545928404,-0.4038949104112122,,1,0.3376623459837653,0.2649228248165243,0.29097345039298195,-0.4285714328289032,-0.3819999889151805,0.5,22
2000,80036,2001,0,0.3581213405075139,11,200008,11,0.25377215506703366,6,0.17834821496417072,,0.2857142984867096,0.2857142984867096,0.21600632068639977,,0.1428571492433548,58,1,,0.8,1,0.11666666666666665,0,,,,,,,0.08333333333333333,2,,,0.21600632068639977,0.1428571492433548,"Marousi, Greece",1,0.5454545454545454,,0.24793388429752067,0.4979295977319692,9.444604444444444,3.0732075173089832,2.564,47.72727272727273,0.125,0.18984848484848485,0.5,2.7976146373141844,0.3376623459837653,0.2649228248165243,0.29097345039298195,0.3428571507334709,0.2698144752295367,0.3246753351254897,-0.1428571492433548,-0.07314917144304497,0.35909981545928404,-1.5324476092890729,,0,0.3376623459837653,0.2649228248165243,0.29097345039298195,-0.1428571492433548,-0.07314917144304497,1,22
2000,80037,2001,0,0.3581213405075139,11,200008,11,0.25377215506703366,6,0.17834821496417072,,0,0,-0.09991103842869976,,0,49,0,,,0,0,,,,,,,,0,2,,,-0.09991103842869976,0,"Marousi, Greece",1,0.5454545454545454,,0.24793388429752067,0.4979295977319692,9.444604444444444,3.0732075173089832,2.564,47.72727272727273,0.125,0.18984848484848485,0.6,2.7976146373141844,0.3376623459837653,0.2649228248165243,0.29097345039298195,0.3714285805821419,0.3014062111410467,0.3246753351254897,0,0.09991103842869976,0.35909981545928404,-9.210340371976182,,0,0.3376623459837653,0.2649228248165243,0.29097345039298195,0,0.09991103842869976,0,22
2000,80038,2001,0,0.3581213405075139,11,200008,11,0.25377215506703366,6,0.17834821496417072,,0.4285714328289032,0.4285714328289032,0.3809093814711144,,0.4285714328289032,49,1,,0.8,1,0.48,0,,,,,,,0.40166666666666667,2,,,0.3809093814711144,0.4285714328289032,"Marousi, Greece",1,0.5454545454545454,,0.24793388429752067,0.4979295977319692,9.444604444444444,3.0732075173089832,2.564,47.72727272727273,0.125,0.18984848484848485,0.5,2.7976146373141844,0.3376623459837653,0.2649228248165243,0.29097345039298195,0.32857143729925153,0.25332416915106526,0.3246753351254897,0,0.04766205135778878,0.35909981545928404,-0.9651937760526202,,0,0.3376623459837653,0.2649228248165243,0.29097345039298195,0,0.04766205135778878,1,22
2000,80039,2001,0,0.3581213405075139,11,200008,11,0.25377215506703366,6,0.17834821496417072,,0.1428571492433548,0.1428571492433548,0.0684860038311363,,0.2857142984867096,45,0.66,,0.6,1,0.033333333333333326,0,,,,,,,0,2,,,0.0684860038311363,0.2857142984867096,"Marousi, Greece",1,0.5454545454545454,,0.24793388429752067,0.4979295977319692,9.444604444444444,3.0732075173089832,2.564,47.72727272727273,0.125,0.18984848484848485,0.5,2.7976146373141844,0.3376623459837653,0.2649228248165243,0.29097345039298195,0.3571428656578064,0.2845665069150631,0.3246753351254897,0.1428571492433548,0.2172282946555733,0.35909981545928404,-2.6811258782239213,,0,0.3376623459837653,0.2649228248165243,0.29097345039298195,0.1428571492433548,0.2172282946555733,0.5,22
2000,80040,2001,0,0.3581213405075139,11,200008,11,0.25377215506703366,6,0.17834821496417072,,0.2857142984867096,0.2857142984867096,0.20036432718571004,,0.7142857313156128,48,7,,0.6,0,0.19999999999999998,0,,,,,,,0.4166666666666667,2,,,0.20036432718571004,0.7142857313156128,"Marousi, Greece",1,0.5454545454545454,,0.24793388429752067,0.4979295977319692,9.444604444444444,3.0732075173089832,2.564,47.72727272727273,0.125,0.18984848484848485,0.6,2.7976146373141844,0.3376623459837653,0.2649228248165243,0.29097345039298195,0.3428571507334709,0.27137867457960574,0.3246753351254897,0.4285714328289032,0.5139214041299027,0.35909981545928404,-1.6076179336720808,,0,0.3376623459837653,0.2649228248165243,0.29097345039298195,0.4285714328289032,0.5139214041299027,0.5,22
2000,80041,2001,0,0.3581213405075139,11,200008,11,0.25377215506703366,6,0.17834821496417072,,0.4285714328289032,0.4285714328289032,0.35283611897594613,,0.4285714328289032,21,0.66,,0.2,1,0,0,,,,,,,0.25,2,,,0.35283611897594613,0.4285714328289032,"Marousi, Greece",1,0.5454545454545454,,0.24793388429752067,0.4979295977319692,9.444604444444444,3.0732075173089832,2.564,47.72727272727273,0.125,0.18984848484848485,0.5,2.7976146373141844,0.3376623459837653,0.2649228248165243,0.29097345039298195,0.32857143729925153,0.2561314954005821,0.3246753351254897,0,0.07573531385295706,0.35909981545928404,-1.0417515820400418,,0,0.3376623459837653,0.2649228248165243,0.29097345039298195,0,0.07573531385295706,0.5,22
2000,80042,2001,0,0.3581213405075139,11,200008,11,0.25377215506703366,6,0.17834821496417072,,0.2857142984867096,0.2857142984867096,0.2298821786153925,,0.5714285969734192,55,0.66,,0.6,1,0.18333333333333335,0,,,,,,,0.11666666666666665,2,,,0.2298821786153925,0.5714285969734192,"Marousi, Greece",1,0.5454545454545454,,0.24793388429752067,0.4979295977319692,9.444604444444444,3.0732075173089832,2.564,47.72727272727273,0.125,0.18984848484848485,0.5,2.7976146373141844,0.3376623459837653,0.2649228248165243,0.29097345039298195,0.3428571507334709,0.26842688943663745,0.3246753351254897,0.2857142984867096,0.3415464183580267,0.35909981545928404,-1.4701883682020491,,0,0.3376623459837653,0.2649228248165243,0.29097345039298195,0.2857142984867096,0.3415464183580267,0.5,22
2000,80043,2001,0,0.3581213405075139,11,200009,14,0.16693241767587985,6,0.09076118827577703,,0.4285714328289032,0.4285714328289032,0.3694459617251942,,0.7142857313156128,63,0.66,,0.4,0,0.16666666666666666,0,,,,,,,0.09999999999999999,2,,,0.3694459617251942,0.7142857313156128,"Marousi, Greece",1,0.2857142857142857,,0.20408163265306123,0.45175395145262565,2.851367032967033,1.6885991332957129,1.2114285714285715,57.857142857142854,0.25,0.0913095238095238,0.3076923076923077,2.4547933471489585,0.38775510766676496,0.32300960603029155,0.29097345039298195,0.38461539034660047,0.3194375786691452,0.3469387856977327,0.2857142984867096,0.34483976959041857,0.35909981545928404,-0.9957507963114975,,0,0.38775510766676496,0.32300960603029155,0.29097345039298195,0.2857142984867096,0.34483976959041857,0.5,22
2000,80044,2001,0,0.3581213405075139,11,200009,14,0.16693241767587985,6,0.09076118827577703,,0.4285714328289032,0.4285714328289032,0.3473361193756531,,0.2857142984867096,72,0,,,0,0,,,,,,,,0,2,,,0.3473361193756531,0.2857142984867096,"Marousi, Greece",1,0.2857142857142857,,0.20408163265306123,0.45175395145262565,2.851367032967033,1.6885991332957129,1.2114285714285715,57.857142857142854,0.25,0.0913095238095238,0.3076923076923077,2.4547933471489585,0.38775510766676496,0.32300960603029155,0.29097345039298195,0.38461539034660047,0.3211383357729561,0.3469387856977327,-0.1428571343421936,-0.061621820888943524,0.35909981545928404,-1.0574623241340186,,0,0.38775510766676496,0.32300960603029155,0.29097345039298195,-0.1428571343421936,-0.061621820888943524,0,22
2000,80045,2001,0,0.3581213405075139,11,200009,14,0.16693241767587985,6,0.09076118827577703,,0.4285714328289032,0.4285714328289032,0.38888705799930345,,0.5714285969734192,62,1,,,0,0.05000000000000001,,,,,,,,0.08333333333333333,2,,,0.38888705799930345,0.5714285969734192,"Marousi, Greece",1,0.2857142857142857,,0.20408163265306123,0.45175395145262565,2.851367032967033,1.6885991332957129,1.2114285714285715,57.857142857142854,0.25,0.0913095238095238,0.3076923076923077,2.4547933471489585,0.38775510766676496,0.32300960603029155,0.29097345039298195,0.38461539034660047,0.31794210972498294,0.3469387856977327,0.142857164144516,0.18254153897411574,0.35909981545928404,-0.9444663168537252,,0,0.38775510766676496,0.32300960603029155,0.29097345039298195,0.142857164144516,0.18254153897411574,1,22
2000,80046,2001,0,0.3581213405075139,11,200009,14,0.16693241767587985,6,0.09076118827577703,,0.4285714328289032,0.4285714328289032,0.35715286435139526,,0.8571428656578064,71,1,,0.2,0,0,0,,,,,,,0,2,,,0.35715286435139526,0.8571428656578064,"Marousi, Greece",1,0.2857142857142857,,0.20408163265306123,0.45175395145262565,2.851367032967033,1.6885991332957129,1.2114285714285715,57.857142857142854,0.25,0.0913095238095238,0.3076923076923077,2.4547933471489585,0.38775510766676496,0.32300960603029155,0.29097345039298195,0.38461539034660047,0.3203832015440528,0.3469387856977327,0.4285714328289032,0.49999000130641114,0.35909981545928404,-1.0295913973898094,,0,0.38775510766676496,0.32300960603029155,0.29097345039298195,0.4285714328289032,0.49999000130641114,1,22
2000,80047,2001,0,0.3581213405075139,11,200009,14,0.16693241767587985,6,0.09076118827577703,,0.2857142984867096,0.2857142984867096,0.2506679504045096,,0.2857142984867096,67,0.66,,0,0,0.18333333333333332,0,,,,,,,0.06666666666666667,2,,,0.2506679504045096,0.2857142984867096,"Marousi, Greece",1,0.2857142857142857,,0.20408163265306123,0.45175395145262565,2.851367032967033,1.6885991332957129,1.2114285714285715,57.857142857142854,0.25,0.0913095238095238,0.3076923076923077,2.4547933471489585,0.38775510766676496,0.32300960603029155,0.29097345039298195,0.39560440068061536,0.3285743487707363,0.3469387856977327,0,0.035046348082199974,0.35909981545928404,-1.3836261224189343,,0,0.38775510766676496,0.32300960603029155,0.29097345039298195,0,0.035046348082199974,0.5,22
2000,80048,2001,0,0.3581213405075139,11,200009,14,0.16693241767587985,6,0.09076118827577703,,0.2857142984867096,0.2857142984867096,0.19821411574333825,,0.2857142984867096,66,0.66,,0.2,1,0.4,0,,,,,,,0.1,2,,,0.19821411574333825,0.2857142984867096,"Marousi, Greece",1,0.2857142857142857,,0.20408163265306123,0.45175395145262565,2.851367032967033,1.6885991332957129,1.2114285714285715,57.857142857142854,0.25,0.0913095238095238,0.23076923076923078,2.4547933471489585,0.38775510766676496,0.32300960603029155,0.29097345039298195,0.39560440068061536,0.3326092591292879,0.3469387856977327,0,0.08750018274337135,0.35909981545928404,-1.6184074399283148,,0,0.38775510766676496,0.32300960603029155,0.29097345039298195,0,0.08750018274337135,0.5,22
2000,80049,2001,0,0.3581213405075139,11,200009,14,0.16693241767587985,6,0.09076118827577703,,0.4285714328289032,0.4285714328289032,0.38411048452516233,,0.4285714328289032,64,0.66,,0.4,1,0.14999999999999997,0,,,,,,,0.15,2,,,0.38411048452516233,0.4285714328289032,"Marousi, Greece",1,0.2857142857142857,,0.20408163265306123,0.45175395145262565,2.851367032967033,1.6885991332957129,1.2114285714285715,57.857142857142854,0.25,0.0913095238095238,0.23076923076923078,2.4547933471489585,0.38775510766676496,0.32300960603029155,0.29097345039298195,0.38461539034660047,0.31830953845376303,0.3469387856977327,0,0.044460948303740866,0.35909981545928404,-0.9568250476602953,,0,0.38775510766676496,0.32300960603029155,0.29097345039298195,0,0.044460948303740866,0.5,22
2000,80050,2001,0,0.3581213405075139,11,200010,12,0.21921964685386058,6,0.15026078574023374,,0.1428571492433548,0.1428571492433548,0.04598963155598586,,0.2857142984867096,46,0.66,,0.4,1,0.05000000000000001,0,,,,,,,0.45833333333333337,2,,,0.04598963155598586,0.2857142984867096,"Marousi, Greece",1,0.3333333333333333,,0.22222222222222224,0.4714045207910317,3.83106,1.9573093776917332,1.21,54.833333333333336,0.1111111111111111,0.15791666666666665,0.2727272727272727,2.6761906261418305,0.4285714402794838,0.35457310491982,0.29097345039298195,0.4545454667373137,0.3826261479528959,0.4404762051999569,0.1428571492433548,0.23972466693072375,0.35909981545928404,-3.079339308856485,,0,0.4285714402794838,0.35457310491982,0.29097345039298195,0.1428571492433548,0.23972466693072375,0.5,22
2000,80051,2001,0,0.3581213405075139,11,200010,12,0.21921964685386058,6,0.15026078574023374,,0.4285714328289032,0.4285714328289032,0.3492414271653305,,0.2857142984867096,52,0.66,,0.4,0,0.38333333333333336,0,,,,,,,0,2,,,0.3492414271653305,0.2857142984867096,"Marousi, Greece",1,0.3333333333333333,,0.22222222222222224,0.4714045207910317,3.83106,1.9573093776917332,1.21,54.833333333333336,0.1111111111111111,0.15791666666666665,0.36363636363636365,2.6761906261418305,0.4285714402794838,0.35457310491982,0.29097345039298195,0.4285714409568093,0.35505780289750094,0.4404762051999569,-0.1428571343421936,-0.06352712867862093,0.35909981545928404,-1.0519918275591313,,0,0.4285714402794838,0.35457310491982,0.29097345039298195,-0.1428571343421936,-0.06352712867862093,0.5,22
2000,80052,2001,0,0.3581213405075139,11,200010,12,0.21921964685386058,6,0.15026078574023374,,0.5714285969734192,0.5714285969734192,0.5097190261212007,,0.7142857313156128,63,1,,0.8,1,0.008333333333333331,0,,,,,,,0.04999999999999999,2,,,0.5097190261212007,0.7142857313156128,"Marousi, Greece",1,0.3333333333333333,,0.22222222222222224,0.4714045207910317,3.83106,1.9573093776917332,1.21,54.833333333333336,0.1111111111111111,0.15791666666666665,0.2727272727272727,2.6761906261418305,0.4285714402794838,0.35457310491982,0.29097345039298195,0.41558442603458057,0.3404689302651491,0.4404762051999569,0.1428571343421936,0.2045667051944121,0.35909981545928404,-0.6738956342551223,,0,0.4285714402794838,0.35457310491982,0.29097345039298195,0.1428571343421936,0.2045667051944121,1,22
2000,80053,2001,0,0.3581213405075139,11,200010,12,0.21921964685386058,6,0.15026078574023374,,0.7142857313156128,0.7142857313156128,0.6714754033254663,,0.5714285969734192,47,,,0.8,0,0.09999999999999999,0,,,,,,,0.09999999999999999,2,,,0.6714754033254663,0.5714285969734192,"Marousi, Greece",1,0.3333333333333333,,0.22222222222222224,0.4714045207910317,3.83106,1.9573093776917332,1.21,54.833333333333336,0.1111111111111111,0.15791666666666665,0.36363636363636365,2.6761906261418305,0.4285714402794838,0.35457310491982,0.29097345039298195,0.40259741382165387,0.32576380506476127,0.4404762051999569,-0.1428571343421936,-0.1000468063520471,0.35909981545928404,-0.3982778931380198,,1,0.4285714402794838,0.35457310491982,0.29097345039298195,-0.1428571343421936,-0.1000468063520471,,22
2000,80054,2001,0,0.3581213405075139,11,200010,12,0.21921964685386058,6,0.15026078574023374,,0.1428571492433548,0.1428571492433548,0.06766573330286775,,0,69,0,,,1,0,,,,,,,,0.08333333333333333,2,,,0.06766573330286775,0,"Marousi, Greece",1,0.3333333333333333,,0.22222222222222224,0.4714045207910317,3.83106,1.9573093776917332,1.21,54.833333333333336,0.1111111111111111,0.15791666666666665,0.2727272727272727,2.6761906261418305,0.4285714402794838,0.35457310491982,0.29097345039298195,0.4545454667373137,0.38065559324863385,0.4404762051999569,-0.1428571492433548,-0.06766573330286775,0.35909981545928404,-2.69317538225727,,0,0.4285714402794838,0.35457310491982,0.29097345039298195,-0.1428571492433548,-0.06766573330286775,0,22
2000,80055,2001,0,0.3581213405075139,11,200010,12,0.21921964685386058,6,0.15026078574023374,,0.4285714328289032,0.4285714328289032,0.3451757217933121,,0.1428571492433548,57,0,,0.4,1,0.2583333333333333,0,,,,,,,0.08333333333333333,2,,,0.3451757217933121,0.1428571492433548,"Marousi, Greece",1,0.3333333333333333,,0.22222222222222224,0.4714045207910317,3.83106,1.9573093776917332,1.21,54.833333333333336,0.1111111111111111,0.15791666666666665,0.2727272727272727,2.6761906261418305,0.4285714402794838,0.35457310491982,0.29097345039298195,0.4285714409568093,0.35542741247677534,0.4404762051999569,-0.2857142835855484,-0.20231857254995728,0.35909981545928404,-1.0637016530882792,,0,0.4285714402794838,0.35457310491982,0.29097345039298195,-0.2857142835855484,-0.20231857254995728,0,22
2000,80056,2001,0,0.3581213405075139,11,200010,12,0.21921964685386058,6,0.15026078574023374,,0.2857142984867096,0.2857142984867096,0.23889451935477424,,0.5714285969734192,62,0.33,,0.6,0,0.35833333333333334,0,,,,,,,0.033333333333333326,2,,,0.23889451935477424,0.5714285969734192,"Marousi, Greece",1,0.3333333333333333,,0.22222222222222224,0.4714045207910317,3.83106,1.9573093776917332,1.21,54.833333333333336,0.1111111111111111,0.15791666666666665,0.36363636363636365,2.6761906261418305,0.4285714402794838,0.35457310491982,0.29097345039298195,0.441558453169736,0.3650893399711878,0.4404762051999569,0.2857142984867096,0.33253407761864495,0.35909981545928404,-1.4317331660823236,,0,0.4285714402794838,0.35457310491982,0.29097345039298195,0.2857142984867096,0.33253407761864495,0.5,22
2000,80057,2001,0,0.3581213405075139,11,200010,12,0.21921964685386058,6,0.15026078574023374,,0.4285714328289032,0.4285714328289032,0.3499377942965295,,0.7142857313156128,63,1,,0.4,0,0.09999999999999999,0,,,,,,,0.125,2,,,0.3499377942965295,0.7142857313156128,"Marousi, Greece",1,0.3333333333333333,,0.22222222222222224,0.4714045207910317,3.83106,1.9573093776917332,1.21,54.833333333333336,0.1111111111111111,0.15791666666666665,0.36363636363636365,2.6761906261418305,0.4285714402794838,0.35457310491982,0.29097345039298195,0.4285714409568093,0.3549944967946646,0.4404762051999569,0.2857142984867096,0.3643479370190833,0.35909981545928404,-1.0499998708759735,,0,0.4285714402794838,0.35457310491982,0.29097345039298195,0.2857142984867096,0.3643479370190833,1,22
2000,80058,2001,0,0.3581213405075139,11,200010,12,0.21921964685386058,6,0.15026078574023374,,0.2857142984867096,0.2857142984867096,0.21428003961682965,,0.5714285969734192,34,1,,,0,0.016666666666666663,,,,,,,,0.06666666666666665,2,,,0.21428003961682965,0.5714285969734192,"Marousi, Greece",1,0.3333333333333333,,0.22222222222222224,0.4714045207910317,3.83106,1.9573093776917332,1.21,54.833333333333336,0.1111111111111111,0.15791666666666665,0.36363636363636365,2.6761906261418305,0.4285714402794838,0.35457310491982,0.29097345039298195,0.441558453169736,0.36732701994736466,0.4404762051999569,0.2857142984867096,0.35714855735658957,0.35909981545928404,-1.540471523085926,,0,0.4285714402794838,0.35457310491982,0.29097345039298195,0.2857142984867096,0.35714855735658957,1,22
2000,80059,2001,0,0.3581213405075139,11,200010,12,0.21921964685386058,6,0.15026078574023374,,0.7142857313156128,0.7142857313156128,0.6430492608701535,,0.7142857313156128,57,1,,0.6,0,0.041666666666666664,0,,,,,,,0,2,,,0.6430492608701535,0.7142857313156128,"Marousi, Greece",1,0.3333333333333333,,0.22222222222222224,0.4714045207910317,3.83106,1.9573093776917332,1.21,54.833333333333336,0.1111111111111111,0.15791666666666665,0.36363636363636365,2.6761906261418305,0.4285714402794838,0.35457310491982,0.29097345039298195,0.40259741382165387,0.3283479998334261,0.4404762051999569,0,0.07123647044545933,0.35909981545928404,-0.44153394668341706,,1,0.4285714402794838,0.35457310491982,0.29097345039298195,0,0.07123647044545933,1,22
2000,80060,2001,0,0.3581213405075139,11,200011,7,0.3090832502738089,6,0.10489483136039487,,0.1428571492433548,0.1428571492433548,0.0737255814931765,,0,60,,,0.8,0,0.25,0,,,,,,,0.23333333333333334,2,,,0.0737255814931765,0,"Marousi, Greece",1,0.42857142857142855,,0.24489795918367344,0.49487165930539345,0.034679999999999996,0.18622566955175646,0.8300000000000001,53.285714285714285,0.16666666666666666,0.2642857142857143,0.5,0.9852281360342515,0.3061224605355944,0.24820981913401235,0.29097345039298195,0.3333333457509677,0.277290525407485,0.28571429210049765,-0.1428571492433548,-0.0737255814931765,0.35909981545928404,-2.6074054369849913,,0,0.3061224605355944,0.24820981913401235,0.29097345039298195,-0.1428571492433548,-0.0737255814931765,,22
2000,80061,2001,0,0.3581213405075139,11,200011,7,0.3090832502738089,6,0.10489483136039487,,0.4285714328289032,0.4285714328289032,0.40102902959861547,,0,22,0.66,,0,0,0.14166666666666666,0,,,,,,,0.26666666666666666,2,,,0.40102902959861547,0,"Marousi, Greece",1,0.42857142857142855,,0.24489795918367344,0.49487165930539345,0.034679999999999996,0.18622566955175646,0.8300000000000001,53.285714285714285,0.16666666666666666,0.2642857142857143,0.5,0.9852281360342515,0.3061224605355944,0.24820981913401235,0.29097345039298195,0.2857142984867096,0.22273995072324518,0.28571429210049765,-0.4285714328289032,-0.40102902959861547,0.35909981545928404,-0.913721461281812,,0,0.3061224605355944,0.24820981913401235,0.29097345039298195,-0.4285714328289032,-0.40102902959861547,0.5,22
2000,80062,2001,0,0.3581213405075139,11,200011,7,0.3090832502738089,6,0.10489483136039487,,0.2857142984867096,0.2857142984867096,0.21475439721813255,,0.4285714328289032,76,1,,0.8,1,0.08333333333333333,0,,,,,,,0.33333333333333337,2,,,0.21475439721813255,0.4285714328289032,"Marousi, Greece",1,0.42857142857142855,,0.24489795918367344,0.49487165930539345,0.034679999999999996,0.18622566955175646,0.8300000000000001,53.285714285714285,0.16666666666666666,0.2642857142857143,0.3333333333333333,0.9852281360342515,0.3061224605355944,0.24820981913401235,0.29097345039298195,0.3095238208770752,0.253785722786659,0.28571429210049765,0.1428571343421936,0.21381703561077064,0.35909981545928404,-1.538260242340755,,0,0.3061224605355944,0.24820981913401235,0.29097345039298195,0.1428571343421936,0.21381703561077064,1,22
2000,80063,2001,0,0.3581213405075139,11,200011,7,0.3090832502738089,6,0.10489483136039487,,0.5714285969734192,0.5714285969734192,0.5149852562224017,,0.5714285969734192,66,0.66,,0.2,1,0.175,0,,,,,,,0.2,2,,,0.5149852562224017,0.5714285969734192,"Marousi, Greece",1,0.42857142857142855,,0.24489795918367344,0.49487165930539345,0.034679999999999996,0.18622566955175646,0.8300000000000001,53.285714285714285,0.16666666666666666,0.2642857142857143,0.3333333333333333,0.9852281360342515,0.3061224605355944,0.24820981913401235,0.29097345039298195,0.2619047711292903,0.20374724628594745,0.28571429210049765,0,0.056443340751017534,0.35909981545928404,-0.6636170074225756,,0,0.3061224605355944,0.24820981913401235,0.29097345039298195,0,0.056443340751017534,0.5,22
2000,80064,2001,0,0.3581213405075139,11,200011,7,0.3090832502738089,6,0.10489483136039487,,0.1428571492433548,0.1428571492433548,0.08634731448361749,,0.1428571492433548,55,0.66,,0.4,0,0.44166666666666665,0,,,,,,,0.31666666666666665,2,,,0.08634731448361749,0.1428571492433548,"Marousi, Greece",1,0.42857142857142855,,0.24489795918367344,0.49487165930539345,0.034679999999999996,0.18622566955175646,0.8300000000000001,53.285714285714285,0.16666666666666666,0.2642857142857143,0.5,0.9852281360342515,0.3061224605355944,0.24820981913401235,0.29097345039298195,0.3333333457509677,0.2751869032424115,0.28571429210049765,0,0.05650983475973731,0.35909981545928404,-2.4493775752365097,,0,0.3061224605355944,0.24820981913401235,0.29097345039298195,0,0.05650983475973731,0.5,22
2000,80065,2001,0,0.3581213405075139,11,200012,11,0.1457192165643245,6,0.07160935729357688,,0.5714285969734192,0.5714285969734192,0.5054463385310007,,0.1428571492433548,62,1,,0.2,0,0.016666666666666663,0,,,,,,,0.10000000000000002,2,,,0.5054463385310007,0.1428571492433548,"Marousi, Greece",1,0.45454545454545453,,0.24793388429752064,0.49792959773196915,0.10400444444444444,0.322497200676912,0.866,53.45454545454545,0.4,0.06666666666666667,0.5,0.9940302114769565,0.3376623473384164,0.2692101134058187,0.29097345039298195,0.3142857223749161,0.24558649089330048,0.3636363744735718,-0.4285714477300644,-0.36258918928764594,0.35909981545928404,-0.6823134013869396,,0,0.3376623473384164,0.2692101134058187,0.29097345039298195,-0.4285714477300644,-0.36258918928764594,1,22
2000,80066,2001,0,0.3581213405075139,11,200012,11,0.1457192165643245,6,0.07160935729357688,,0.2857142984867096,0.2857142984867096,0.21276978001194669,,0.2857142984867096,37,0.66,,0.2,1,0,0,,,,,,,0,2,,,0.21276978001194669,0.2857142984867096,"Marousi, Greece",1,0.45454545454545453,,0.24793388429752064,0.49792959773196915,0.10400444444444444,0.322497200676912,0.866,53.45454545454545,0.4,0.06666666666666667,0.4,0.9940302114769565,0.3376623473384164,0.2692101134058187,0.29097345039298195,0.34285715222358704,0.27485414674520586,0.3636363744735718,0,0.07294451847476291,0.35909981545928404,-1.547544542821251,,0,0.3376623473384164,0.2692101134058187,0.29097345039298195,0,0.07294451847476291,0.5,22
2000,80067,2001,0,0.3581213405075139,11,200012,11,0.1457192165643245,6,0.07160935729357688,,0.2857142984867096,0.2857142984867096,0.22934960452749964,,0.4285714328289032,24,1,,0.8,1,0.033333333333333326,0,,,,,,,0,2,,,0.22934960452749964,0.4285714328289032,"Marousi, Greece",1,0.45454545454545453,,0.24793388429752064,0.49792959773196915,0.10400444444444444,0.322497200676912,0.866,53.45454545454545,0.4,0.06666666666666667,0.4,0.9940302114769565,0.3376623473384164,0.2692101134058187,0.29097345039298195,0.34285715222358704,0.27319616429365057,0.3636363744735718,0.1428571343421936,0.19922182830140356,0.35909981545928404,-1.472507782259171,,0,0.3376623473384164,0.2692101134058187,0.29097345039298195,0.1428571343421936,0.19922182830140356,1,22
2000,80068,2001,0,0.3581213405075139,11,200013,8,0.30949824006527493,6,0.0683589926176394,,0.7142857313156128,0.7142857313156128,0.6691176916727224,,0.2857142984867096,53,0.66,,0,1,0,0,,,,,,,0,2,,,0.6691176916727224,0.2857142984867096,"Marousi, Greece",1,0.75,,0.1875,0.4330127018922193,4.824457142857143,2.196464691921348,1.58,58.125,0.3333333333333333,0.21041666666666667,0.7142857142857143,0.8112781244591328,0.41071429662406445,0.35762912227769345,0.29097345039298195,0.3673469488109861,0.31313075522126077,0.3928571529686451,-0.4285714328289032,-0.3834033931860128,0.35909981545928404,-0.4017953125434872,,1,0.41071429662406445,0.35762912227769345,0.29097345039298195,-0.4285714328289032,-0.3834033931860128,0.5,22
2000,80069,2001,0,0.3581213405075139,11,200013,8,0.30949824006527493,6,0.0683589926176394,,0.1428571492433548,0.1428571492433548,0.11877414897964497,,0.2857142984867096,54,0.66,,0,1,0.3166666666666667,0,,,,,,,0,2,,,0.11877414897964497,0.2857142984867096,"Marousi, Greece",1,0.75,,0.1875,0.4330127018922193,4.824457142857143,2.196464691921348,1.58,58.125,0.3333333333333333,0.21041666666666667,0.7142857142857143,0.8112781244591328,0.41071429662406445,0.35762912227769345,0.29097345039298195,0.44897960339273724,0.3917512613202718,0.3928571529686451,0.1428571492433548,0.16694014950706462,0.35909981545928404,-2.1305314969136044,,0,0.41071429662406445,0.35762912227769345,0.29097345039298195,0.1428571492433548,0.16694014950706462,0.5,22
2000,80070,2001,0,0.3581213405075139,11,200013,8,0.30949824006527493,6,0.0683589926176394,,0.4285714328289032,0.4285714328289032,0.3574563740953364,,0.5714285969734192,56,0.66,,0.8,1,0.5,0,,,,,,,0.16666666666666666,2,,,0.3574563740953364,0.5714285969734192,"Marousi, Greece",1,0.75,,0.1875,0.4330127018922193,4.824457142857143,2.196464691921348,1.58,58.125,0.3333333333333333,0.21041666666666667,0.7142857142857143,0.8112781244591328,0.41071429662406445,0.35762912227769345,0.29097345039298195,0.40816327716623035,0.3576538005894587,0.3928571529686451,0.142857164144516,0.21397222287808276,0.35909981545928404,-1.0287419547969576,,0,0.41071429662406445,0.35762912227769345,0.29097345039298195,0.142857164144516,0.21397222287808276,0.5,22
2000,80071,2001,0,0.3581213405075139,11,200014,10,0.2168649169725033,6,0.059573540498399614,,0.2857142984867096,0.2857142984867096,0.2153587026120285,,0.1428571492433548,63,1,,0.2,1,0.23333333333333336,0,,,,,,,0.21666666666666665,2,,,0.2153587026120285,0.1428571492433548,"Marousi, Greece",1,0.3,,0.21,0.458257569495584,4.587307142857143,2.1417999773221457,1.7075,53.1,0,0.12366666666666667,0.2222222222222222,0.8812908992306927,0.3142857253551483,0.2500554752008853,0.29097345039298195,0.3174603283405304,0.2539106721552027,0.4000000163912773,-0.1428571492433548,-0.0725015533686737,0.35909981545928404,-1.5354502568194193,,0,0.3142857253551483,0.2500554752008853,0.29097345039298195,-0.1428571492433548,-0.0725015533686737,1,22
2000,80072,2001,0,0.3581213405075139,11,200014,10,0.2168649169725033,6,0.059573540498399614,,0.2857142984867096,0.2857142984867096,0.20100243898376752,,0.5714285969734192,66,1,,0.8,0,0.33333333333333337,0,,,,,,,0.4,2,,,0.20100243898376752,0.5714285969734192,"Marousi, Greece",1,0.3,,0.21,0.458257569495584,4.587307142857143,2.1417999773221457,1.7075,53.1,0,0.12366666666666667,0.3333333333333333,0.8812908992306927,0.3142857253551483,0.2500554752008853,0.29097345039298195,0.3174603283405304,0.2555058125583428,0.4000000163912773,0.2857142984867096,0.37042615798965167,0.35909981545928404,-1.604438236749081,,0,0.3142857253551483,0.2500554752008853,0.29097345039298195,0.2857142984867096,0.37042615798965167,1,22
2000,80073,2001,0,0.3581213405075139,11,200014,10,0.2168649169725033,6,0.059573540498399614,,0.1428571492433548,0.1428571492433548,0.06311677291731055,,0.5714285969734192,52,0.66,,,0,0,,,,,,,,0,2,,,0.06311677291731055,0.5714285969734192,"Marousi, Greece",1,0.3,,0.21,0.458257569495584,4.587307142857143,2.1417999773221457,1.7075,53.1,0,0.12366666666666667,0.3333333333333333,0.8812908992306927,0.3142857253551483,0.2500554752008853,0.29097345039298195,0.3333333449231254,0.2708264421212825,0.4000000163912773,0.4285714477300644,0.5083118240561086,0.35909981545928404,-2.7627687299031116,,0,0.3142857253551483,0.2500554752008853,0.29097345039298195,0.4285714477300644,0.5083118240561086,0.5,22
2000,80074,2001,0,0.3581213405075139,11,200014,10,0.2168649169725033,6,0.059573540498399614,,0.4285714328289032,0.4285714328289032,0.34885676829998336,,0.2857142984867096,34,1,,,0,0.016666666666666663,,,,,,,,0.16666666666666666,2,,,0.34885676829998336,0.2857142984867096,"Marousi, Greece",1,0.3,,0.21,0.458257569495584,4.587307142857143,2.1417999773221457,1.7075,53.1,0,0.12366666666666667,0.3333333333333333,0.8812908992306927,0.3142857253551483,0.2500554752008853,0.29097345039298195,0.30158731341362,0.23907755374542994,0.4000000163912773,-0.1428571343421936,-0.06314246981327376,0.35909981545928404,-1.053093847036548,,0,0.3142857253551483,0.2500554752008853,0.29097345039298195,-0.1428571343421936,-0.06314246981327376,1,22
2000,80075,2001,0,0.3581213405075139,11,200014,10,0.2168649169725033,6,0.059573540498399614,,0.2857142984867096,0.2857142984867096,0.23801898863781362,,0,53,1,,0.6,0,0,0,,,,,,,0,2,,,0.23801898863781362,0,"Marousi, Greece",1,0.3,,0.21,0.458257569495584,4.587307142857143,2.1417999773221457,1.7075,53.1,0,0.12366666666666667,0.3333333333333333,0.8812908992306927,0.3142857253551483,0.2500554752008853,0.29097345039298195,0.3174603283405304,0.2513928625967821,0.4000000163912773,-0.2857142984867096,-0.23801898863781362,0.35909981545928404,-1.4354048243007576,,0,0.3142857253551483,0.2500554752008853,0.29097345039298195,-0.2857142984867096,-0.23801898863781362,1,22
2000,80076,2001,0,0.3581213405075139,11,200014,10,0.2168649169725033,6,0.059573540498399614,,0.2857142984867096,0.2857142984867096,0.2388918611921168,,0.5714285969734192,49,,,,0,0.020000000000000018,,,,,,,,0.11666666666666665,2,,,0.2388918611921168,0.5714285969734192,"Marousi, Greece",1,0.3,,0.21,0.458257569495584,4.587307142857143,2.1417999773221457,1.7075,53.1,0,0.12366666666666667,0.3333333333333333,0.8812908992306927,0.3142857253551483,0.2500554752008853,0.29097345039298195,0.3174603283405304,0.2512958767574151,0.4000000163912773,0.2857142984867096,0.3325367357813024,0.35909981545928404,-1.4317442930744928,,0,0.3142857253551483,0.2500554752008853,0.29097345039298195,0.2857142984867096,0.3325367357813024,,22
2000,80077,2001,0,0.3581213405075139,11,200014,10,0.2168649169725033,6,0.059573540498399614,,0.5714285969734192,0.5714285969734192,0.5179670920601733,,0.5714285969734192,46,,,0.4,1,0.2833333333333333,0,,,,,,,0.4666666666666667,2,,,0.5179670920601733,0.5714285969734192,"Marousi, Greece",1,0.3,,0.21,0.458257569495584,4.587307142857143,2.1417999773221457,1.7075,53.1,0,0.12366666666666667,0.2222222222222222,0.8812908992306927,0.3142857253551483,0.2500554752008853,0.29097345039298195,0.2857142951753404,0.22028751777207548,0.4000000163912773,0,0.05346150491324586,0.35909981545928404,-0.6578435675820605,,0,0.3142857253551483,0.2500554752008853,0.29097345039298195,0,0.05346150491324586,,22
2000,80078,2001,0,0.3581213405075139,11,200015,11,0.1216609657871286,6,0.08127812243381981,,0.2857142984867096,0.2857142984867096,0.1827764607687028,,0.5714285969734192,69,1,,0.6,0,0.05000000000000001,0,,,,,,,0.06666666666666667,2,,,0.1827764607687028,0.5714285969734192,"Marousi, Greece",1,0.45454545454545453,,0.24793388429752064,0.49792959773196915,3.489709090909091,1.8680763075712647,1.3909090909090909,56.54545454545455,0.3333333333333333,0.07045454545454545,0.5,0.9940302114769565,0.38961039889942517,0.3257428416205647,0.29097345039298195,0.4000000089406967,0.34003947970575094,0.41558443145318463,0.2857142984867096,0.3886521362047164,0.35909981545928404,-1.699491398665619,,0,0.38961039889942517,0.3257428416205647,0.29097345039298195,0.2857142984867096,0.3886521362047164,1,22
2000,80079,2001,0,0.3581213405075139,11,200015,11,0.1216609657871286,6,0.08127812243381981,,0.1428571492433548,0.1428571492433548,0.06935627346104321,,0.2857142984867096,45,0.66,,0,0,0.13333333333333333,0,,,,,,,0.08333333333333333,2,,,0.06935627346104321,0.2857142984867096,"Marousi, Greece",1,0.45454545454545453,,0.24793388429752064,0.49792959773196915,3.489709090909091,1.8680763075712647,1.3909090909090909,56.54545454545455,0.3333333333333333,0.07045454545454545,0.5,0.9940302114769565,0.38961039889942517,0.3257428416205647,0.29097345039298195,0.4142857238650322,0.3513814984365169,0.41558443145318463,0.1428571492433548,0.21635802502566637,0.35909981545928404,-2.668498675446834,,0,0.38961039889942517,0.3257428416205647,0.29097345039298195,0.1428571492433548,0.21635802502566637,0.5,22
2000,80080,2001,0,0.3581213405075139,11,200015,11,0.1216609657871286,6,0.08127812243381981,,0.4285714328289032,0.4285714328289032,0.35658156767339827,,0.7142857313156128,45,1,,,0,0.13333333333333333,,,,,,,,0.25,2,,,0.35658156767339827,0.7142857313156128,"Marousi, Greece",1,0.45454545454545453,,0.24793388429752064,0.49792959773196915,3.489709090909091,1.8680763075712647,1.3909090909090909,56.54545454545455,0.3333333333333333,0.07045454545454545,0.5,0.9940302114769565,0.38961039889942517,0.3257428416205647,0.29097345039298195,0.38571429550647734,0.32265896901528135,0.41558443145318463,0.2857142984867096,0.3577041636422145,0.35909981545928404,-1.031192263970913,,0,0.38961039889942517,0.3257428416205647,0.29097345039298195,0.2857142984867096,0.3577041636422145,1,22
2000,80081,2001,0,0.3581213405075139,11,200015,11,0.1216609657871286,6,0.08127812243381981,,0.7142857313156128,0.7142857313156128,0.6570905583786163,,0.5714285969734192,54,0.66,,,1,0.016666666666666663,,,,,,,,0.016666666666666663,2,,,0.6570905583786163,0.5714285969734192,"Marousi, Greece",1,0.45454545454545453,,0.24793388429752064,0.49792959773196915,3.489709090909091,1.8680763075712647,1.3909090909090909,56.54545454545455,0.3333333333333333,0.07045454545454545,0.4,0.9940302114769565,0.38961039889942517,0.3257428416205647,0.29097345039298195,0.3571428656578064,0.2926080699447596,0.41558443145318463,-0.1428571343421936,-0.0856619614051971,0.35909981545928404,-0.41993343380334286,,1,0.38961039889942517,0.3257428416205647,0.29097345039298195,-0.1428571343421936,-0.0856619614051971,0.5,22
2000,80082,2001,0,0.3581213405075139,11,200015,11,0.1216609657871286,6,0.08127812243381981,,0.4285714328289032,0.4285714328289032,0.3632456699895701,,0.4285714328289032,38,7,,,1,0,,,,,,,,0.21666666666666667,2,,,0.3632456699895701,0.4285714328289032,"Marousi, Greece",1,0.45454545454545453,,0.24793388429752064,0.49792959773196915,3.489709090909091,1.8680763075712647,1.3909090909090909,56.54545454545455,0.3333333333333333,0.07045454545454545,0.4,0.9940302114769565,0.38961039889942517,0.3257428416205647,0.29097345039298195,0.38571429550647734,0.3219925587836642,0.41558443145318463,0,0.06532576283933311,0.35909981545928404,-1.0126758967966791,,0,0.38961039889942517,0.3257428416205647,0.29097345039298195,0,0.06532576283933311,0.5,22
2000,80083,2001,0,0.3581213405075139,11,200015,11,0.1216609657871286,6,0.08127812243381981,,0.4285714328289032,0.4285714328289032,0.37634758935287194,,0.5714285969734192,79,1,,0.2,0,0.06666666666666665,0,,,,,,,0.19999999999999998,2,,,0.37634758935287194,0.5714285969734192,"Marousi, Greece",1,0.45454545454545453,,0.24793388429752064,0.49792959773196915,3.489709090909091,1.8680763075712647,1.3909090909090909,56.54545454545455,0.3333333333333333,0.07045454545454545,0.5,0.9940302114769565,0.38961039889942517,0.3257428416205647,0.29097345039298195,0.38571429550647734,0.32068236684733403,0.41558443145318463,0.142857164144516,0.19508100762054725,0.35909981545928404,-0.9772421228552525,,0,0.38961039889942517,0.3257428416205647,0.29097345039298195,0.142857164144516,0.19508100762054725,1,22
2000,80084,2001,0,0.3581213405075139,11,200015,11,0.1216609657871286,6,0.08127812243381981,,0.7142857313156128,0.7142857313156128,0.6518710308026798,,0.5714285969734192,61,0.66,,0.8,1,0.05833333333333333,0,,,,,,,0,2,,,0.6518710308026798,0.5714285969734192,"Marousi, Greece",1,0.45454545454545453,,0.24793388429752064,0.49792959773196915,3.489709090909091,1.8680763075712647,1.3909090909090909,56.54545454545455,0.3333333333333333,0.07045454545454545,0.4,0.9940302114769565,0.38961039889942517,0.3257428416205647,0.29097345039298195,0.3571428656578064,0.2931300227023532,0.41558443145318463,-0.1428571343421936,-0.08044243382926064,0.35909981545928404,-0.4279085421389379,,1,0.38961039889942517,0.3257428416205647,0.29097345039298195,-0.1428571343421936,-0.08044243382926064,0.5,22
2000,80085,2001,0,0.3581213405075139,11,200001,7,0.19612347815817754,6,0,,0.4285714328289032,0.4285714328289032,0.35794237106490745,,0.2857142984867096,54,1,,,1,0.04999999999999999,,,,,,,,0.19999999999999998,2,,,0.35794237106490745,0.2857142984867096,"Marousi, Greece",1,0.2857142857142857,,0.20408163265306123,0.45175395145262565,0.15216,0.3900769154923167,0.72,48.285714285714285,0.2,0.1119047619047619,0.16666666666666666,0.863120568566631,0.26530613218035015,0.2025695428049168,0.29097345039298195,0.23809524873892465,0.17667407142825167,0.346938784633364,-0.1428571343421936,-0.07222807257819785,0.35909981545928404,-1.0273832802182805,,0,0.26530613218035015,0.2025695428049168,0.29097345039298195,-0.1428571343421936,-0.07222807257819785,1,22
2000,80086,2001,0,0.3581213405075139,11,200001,7,0.19612347815817754,6,0,,0.1428571492433548,0.1428571492433548,0.05449903271737405,,0.4285714328289032,55,1,,1,0,0.09999999999999999,1,,,,,,,0.3,2,,,0.05449903271737405,0.4285714328289032,"Marousi, Greece",1,0.2857142857142857,,0.20408163265306123,0.45175395145262565,0.15216,0.3900769154923167,0.72,48.285714285714285,0.2,0.1119047619047619,0.3333333333333333,0.863120568566631,0.26530613218035015,0.2025695428049168,0.29097345039298195,0.2857142960031827,0.2272479611528406,0.346938784633364,0.2857142835855484,0.37407240011152915,0.35909981545928404,-2.909572325775505,,0,0.26530613218035015,0.2025695428049168,0.29097345039298195,0.2857142835855484,0.37407240011152915,1,22
2000,80087,2001,0,0.3581213405075139,11,200002,8,0.16640585379254116,6,0.0051063421831058844,,0.5714285969734192,0.5714285969734192,0.5110453714551721,,0.7142857313156128,61,7,,,0,0,,,,,,,,0.17500000000000002,2,,,0.5110453714551721,0.7142857313156128,"Marousi, Greece",1,0.5,,0.25,0.5,12.144457142857142,3.4848898322410626,3.282857142857143,56,0,0.09979166666666667,0.5714285714285714,1,0.3928571566939354,0.33475675674910405,0.29097345039298195,0.3673469509397234,0.30957266893395147,0.46428572945296764,0.1428571343421936,0.20324035986044064,0.35909981545928404,-0.6712969031795363,,0,0.3928571566939354,0.33475675674910405,0.29097345039298195,0.1428571343421936,0.20324035986044064,0.5,22
2000,80088,2001,0,0.3581213405075139,11,200003,10,0.21261950045802427,6,0.13995757908014386,,0.5714285969734192,0.5714285969734192,0.5024917902606068,,0.5714285969734192,39,1,,1,0,0.15,1,,,,,,,0.21666666666666667,2,,,0.5024917902606068,0.5714285969734192,"Marousi, Greece",1,0.7,,0.21000000000000002,0.45825756949558405,6.601884444444444,2.569413249059879,2.132,40.1,0.2,0.13916666666666666,0.7777777777777778,0.8812908992306927,0.38571429550647734,0.3148212021871051,0.29097345039298195,0.3650793731212616,0.29396891462338265,0.428571443259716,0,0.06893680671281244,0.35909981545928404,-0.6881759769722067,,0,0.38571429550647734,0.3148212021871051,0.29097345039298195,0,0.06893680671281244,1,22
2000,80089,2001,0,0.3581213405075139,11,200003,10,0.21261950045802427,6,0.13995757908014386,,0.4285714328289032,0.4285714328289032,0.3729265237320313,,0.7142857313156128,30,1,,,1,0,,,,,,,,0,2,,,0.3729265237320313,0.7142857313156128,"Marousi, Greece",1,0.7,,0.21000000000000002,0.45825756949558405,6.601884444444444,2.569413249059879,2.132,40.1,0.2,0.13916666666666666,0.6666666666666666,0.8812908992306927,0.38571429550647734,0.3148212021871051,0.29097345039298195,0.3809523913595412,0.30836505534877995,0.428571443259716,0.2857142984867096,0.3413592075835815,0.35909981545928404,-0.9863738660564598,,0,0.38571429550647734,0.3148212021871051,0.29097345039298195,0.2857142984867096,0.3413592075835815,1,22
2000,80090,2001,0,0.3581213405075139,11,200003,10,0.21261950045802427,6,0.13995757908014386,,0.5714285969734192,0.5714285969734192,0.4853631073717197,,0.2857142984867096,39,7,,,0,0.09999999999999999,,,,,,,,0.13333333333333333,2,,,0.4853631073717197,0.2857142984867096,"Marousi, Greece",1,0.7,,0.21000000000000002,0.45825756949558405,6.601884444444444,2.569413249059879,2.132,40.1,0.2,0.13916666666666666,0.7777777777777778,0.8812908992306927,0.38571429550647734,0.3148212021871051,0.29097345039298195,0.3650793731212616,0.2958721016110368,0.428571443259716,-0.2857142984867096,-0.19964880888501013,0.35909981545928404,-0.7228579931687376,,0,0.38571429550647734,0.3148212021871051,0.29097345039298195,-0.2857142984867096,-0.19964880888501013,0.5,22
2000,80091,2001,0,0.3581213405075139,11,200004,11,0.2493843784660947,6,0.11936182537482054,,0.4285714328289032,0.4285714328289032,0.3312200982119966,,0.7142857313156128,48,7,,1,0,0.05000000000000001,1,,,,,,,0.05000000000000001,2,,,0.3312200982119966,0.7142857313156128,"Marousi, Greece",1,0.36363636363636365,,0.23140495867768596,0.48104569292083466,7.042973333333333,2.653860081717447,1.998,51.90909090909091,0.3333333333333333,0.16121212121212122,0.4,2.7492447304378675,0.38961039889942517,0.31938643944381295,0.29097345039298195,0.38571429550647734,0.31820307356699457,0.2727272781458768,0.2857142984867096,0.3830656331036162,0.35909981545928404,-1.1049721753049355,,0,0.38961039889942517,0.31938643944381295,0.29097345039298195,0.2857142984867096,0.3830656331036162,0.5,22
2000,80092,2001,0,0.3581213405075139,11,200004,11,0.2493843784660947,6,0.11936182537482054,,0.4285714328289032,0.4285714328289032,0.3518793591229026,,0.4285714328289032,56,1,,1,1,0,1,,,,,,,0,2,,,0.3518793591229026,0.4285714328289032,"Marousi, Greece",1,0.36363636363636365,,0.23140495867768596,0.48104569292083466,7.042973333333333,2.653860081717447,1.998,51.90909090909091,0.3333333333333333,0.16121212121212122,0.3,2.7492447304378675,0.38961039889942517,0.31938643944381295,0.29097345039298195,0.38571429550647734,0.316137147475904,0.2727272781458768,0,0.07669207370600062,0.35909981545928404,-1.0444668918937898,,0,0.38961039889942517,0.31938643944381295,0.29097345039298195,0,0.07669207370600062,1,22
2000,80093,2001,0,0.3581213405075139,11,200005,8,0.23195193614103382,6,0.13733384528723352,,0.5714285969734192,0.5714285969734192,0.5027264601059874,,0.1428571492433548,58,7,,,0,0.049999999999999996,,,,,,,,0,2,,,0.5027264601059874,0.1428571492433548,"Marousi, Greece",1,0.625,,0.234375,0.48412291827592713,12.238095238095237,3.498298906339371,3.2857142857142856,57.25,0,0.18895833333333334,0.7142857142857143,0.954434002924965,0.35714286752045155,0.288127345762921,0.29097345039298195,0.3265306204557419,0.2574703294281972,0.321428582072258,-0.4285714477300644,-0.35986931086263263,0.35909981545928404,-0.6877090736911367,,0,0.35714286752045155,0.288127345762921,0.29097345039298195,-0.4285714477300644,-0.35986931086263263,0.5,22
2000,80094,2001,0,0.3581213405075139,11,200006,10,0.23437745834201174,6,0.13807942406497534,,0.5714285969734192,0.5714285969734192,0.5256484415183776,,0.4285714328289032,49,7,,1,0,0.37666666666666665,1,,,,,,,0.3333333333333333,2,,,0.5256484415183776,0.4285714328289032,"Marousi, Greece",1,0.4,,0.24,0.4898979485566356,4.2587777777777776,2.063680638514055,1.5155555555555555,56.1,0.125,0.18683333333333332,0.4444444444444444,0.9709505944546686,0.3571428686380386,0.28829295594124826,0.29097345039298195,0.3333333432674408,0.2619201242104561,0.3714285805821419,-0.142857164144516,-0.09707700868947444,0.35909981545928404,-0.6431226518303299,,0,0.3571428686380386,0.28829295594124826,0.29097345039298195,-0.142857164144516,-0.09707700868947444,0.5,22
2000,80095,2001,0,0.3581213405075139,11,200007,8,0.07127112764170482,6,0,,0.1428571492433548,0.1428571492433548,0.07183828141817851,,0.4285714328289032,46,1,,,1,0.09999999999999999,,,,,,,,0.08333333333333333,2,,,0.07183828141817851,0.4285714328289032,"Marousi, Greece",1,0.25,,0.1875,0.4330127018922193,4.985485714285714,2.2328201258242264,1.54,50.125,0.6666666666666666,0.03125,0.14285714285714285,2.561278124459133,0.23214286379516125,0.15024624207210924,0.29097345039298195,0.24489796587399074,0.16144737930838504,0.160714291036129,0.2857142835855484,0.3567331514107247,0.35909981545928404,-2.633337777627086,,0,0.23214286379516125,0.15024624207210924,0.29097345039298195,0.2857142835855484,0.3567331514107247,1,22
2000,80096,2001,0,0.3581213405075139,11,200007,8,0.07127112764170482,6,0,,0.1428571492433548,0.1428571492433548,0.06084664595568512,,0.1428571492433548,54,7,,,0,0,,,,,,,,0.25,2,,,0.06084664595568512,0.1428571492433548,"Marousi, Greece",1,0.25,,0.1875,0.4330127018922193,4.985485714285714,2.2328201258242264,1.54,50.125,0.6666666666666666,0.03125,0.2857142857142857,2.561278124459133,0.23214286379516125,0.15024624207210924,0.29097345039298195,0.24489796587399074,0.1630176129458841,0.160714291036129,0,0.08201050328766968,0.35909981545928404,-2.7993985809414608,,0,0.23214286379516125,0.15024624207210924,0.29097345039298195,0,0.08201050328766968,0.5,22
2000,80097,2001,0,0.3581213405075139,11,200007,8,0.07127112764170482,6,0,,0.1428571492433548,0.1428571492433548,0.05769048571368997,,0.1428571492433548,33,1,,1,0,0.1,1,,,,,,,0.08333333333333333,2,,,0.05769048571368997,0.1428571492433548,"Marousi, Greece",1,0.25,,0.1875,0.4330127018922193,4.985485714285714,2.2328201258242264,1.54,50.125,0.6666666666666666,0.03125,0.2857142857142857,2.561278124459133,0.23214286379516125,0.15024624207210924,0.29097345039298195,0.24489796587399074,0.16346849298045485,0.160714291036129,0,0.08516666352966483,0.35909981545928404,-2.852663011374714,,0,0.23214286379516125,0.15024624207210924,0.29097345039298195,0,0.08516666352966483,1,22
2000,80098,2001,0,0.3581213405075139,11,200008,11,0.25377215506703366,6,0.17834821496417072,,0.4285714328289032,0.4285714328289032,0.3513363636446076,,0.2857142984867096,55,7,,1,0,0.35833333333333334,1,,,,,,,0,2,,,0.3513363636446076,0.2857142984867096,"Marousi, Greece",1,0.5454545454545454,,0.24793388429752067,0.4979295977319692,9.444604444444444,3.0732075173089832,2.564,47.72727272727273,0.125,0.18984848484848485,0.6,2.7976146373141844,0.3376623459837653,0.2649228248165243,0.29097345039298195,0.32857143729925153,0.25628147093371595,0.3246753351254897,-0.1428571343421936,-0.06562206515789798,0.35909981545928404,-1.0460112134117308,,0,0.3376623459837653,0.2649228248165243,0.29097345039298195,-0.1428571343421936,-0.06562206515789798,0.5,22
2000,80099,2001,0,0.3581213405075139,11,200008,11,0.25377215506703366,6,0.17834821496417072,,0.4285714328289032,0.4285714328289032,0.3421878584466341,,0.1428571492433548,55,7,,,0,0.42500000000000004,,,,,,,,0,2,,,0.3421878584466341,0.1428571492433548,"Marousi, Greece",1,0.5454545454545454,,0.24793388429752067,0.4979295977319692,9.444604444444444,3.0732075173089832,2.564,47.72727272727273,0.125,0.18984848484848485,0.6,2.7976146373141844,0.3376623459837653,0.2649228248165243,0.29097345039298195,0.32857143729925153,0.2571963214535133,0.3246753351254897,-0.2857142835855484,-0.19933070920327928,0.35909981545928404,-1.0723953990224877,,0,0.3376623459837653,0.2649228248165243,0.29097345039298195,-0.2857142835855484,-0.19933070920327928,0.5,22
2000,80100,2001,0,0.3581213405075139,11,200009,14,0.16693241767587985,6,0.09076118827577703,,0.4285714328289032,0.4285714328289032,0.3682901404065229,,0.1428571492433548,47,1,,1,1,0.11666666666666665,1,,,,,,,0.11666666666666665,2,,,0.3682901404065229,0.1428571492433548,"Marousi, Greece",1,0.2857142857142857,,0.20408163265306123,0.45175395145262565,2.851367032967033,1.6885991332957129,1.2114285714285715,57.857142857142854,0.25,0.0913095238095238,0.23076923076923078,2.4547933471489585,0.38775510766676496,0.32300960603029155,0.29097345039298195,0.38461539034660047,0.3195264880013507,0.3469387856977327,-0.2857142835855484,-0.22543299116316812,0.35909981545928404,-0.9988842264392163,,0,0.38775510766676496,0.32300960603029155,0.29097345039298195,-0.2857142835855484,-0.22543299116316812,1,22
2000,80101,2001,0,0.3581213405075139,11,200009,14,0.16693241767587985,6,0.09076118827577703,,0.1428571492433548,0.1428571492433548,0.05095962134527404,,0.2857142984867096,28,7,,1,0,0,1,,,,,,,0,2,,,0.05095962134527404,0.2857142984867096,"Marousi, Greece",1,0.2857142857142857,,0.20408163265306123,0.45175395145262565,2.851367032967033,1.6885991332957129,1.2114285714285715,57.857142857142854,0.25,0.0913095238095238,0.3076923076923077,2.4547933471489585,0.38775510766676496,0.32300960603029155,0.29097345039298195,0.4065934121608734,0.3439365279291391,0.3469387856977327,0.1428571492433548,0.23475467714143555,0.35909981545928404,-2.9767216981760933,,0,0.38775510766676496,0.32300960603029155,0.29097345039298195,0.1428571492433548,0.23475467714143555,0.5,22
2000,80102,2001,0,0.3581213405075139,11,200010,12,0.21921964685386058,6,0.15026078574023374,,0.2857142984867096,0.2857142984867096,0.205228763120744,,0.2857142984867096,66,0.66,,,0,0.345,,,,,,,,0.33666666666666667,2,,,0.205228763120744,0.2857142984867096,"Marousi, Greece",1,0.3333333333333333,,0.22222222222222224,0.4714045207910317,3.83106,1.9573093776917332,1.21,54.833333333333336,0.1111111111111111,0.15791666666666665,0.36363636363636365,2.6761906261418305,0.4285714402794838,0.35457310491982,0.29097345039298195,0.441558453169736,0.36814986326519056,0.4404762051999569,0,0.08048553536596559,0.35909981545928404,-1.5836300043548577,,0,0.4285714402794838,0.35457310491982,0.29097345039298195,0,0.08048553536596559,0.5,22
2000,80103,2001,0,0.3581213405075139,11,200010,12,0.21921964685386058,6,0.15026078574023374,,0.7142857313156128,0.7142857313156128,0.6142199385146462,,0.4285714328289032,42,7,,1,0,0.23333333333333334,1,,,,,,,0.3,2,,,0.6142199385146462,0.4285714328289032,"Marousi, Greece",1,0.3333333333333333,,0.22222222222222224,0.4714045207910317,3.83106,1.9573093776917332,1.21,54.833333333333336,0.1111111111111111,0.15791666666666665,0.36363636363636365,2.6761906261418305,0.4285714402794838,0.35457310491982,0.29097345039298195,0.40259741382165387,0.33096884732029036,0.4404762051999569,-0.2857142984867096,-0.18564850568574298,0.35909981545928404,-0.4874022089255528,,1,0.4285714402794838,0.35457310491982,0.29097345039298195,-0.2857142984867096,-0.18564850568574298,0.5,22
2000,80104,2001,0,0.3581213405075139,11,200011,7,0.3090832502738089,6,0.10489483136039487,,0.2857142984867096,0.2857142984867096,0.24358097292723932,,0.4285714328289032,63,1,,1,0,0.25833333333333336,1,,,,,,,0.15833333333333335,2,,,0.24358097292723932,0.4285714328289032,"Marousi, Greece",1,0.42857142857142855,,0.24489795918367344,0.49487165930539345,0.034679999999999996,0.18622566955175646,0.8300000000000001,53.285714285714285,0.16666666666666666,0.2642857142857143,0.5,0.9852281360342515,0.3061224605355944,0.24820981913401235,0.29097345039298195,0.3095238208770752,0.24898129350180787,0.28571429210049765,0.1428571343421936,0.18499045990166388,0.35909981545928404,-1.4123058540490276,,0,0.3061224605355944,0.24820981913401235,0.29097345039298195,0.1428571343421936,0.18499045990166388,1,22
2000,80105,2001,0,0.3581213405075139,11,200012,11,0.1457192165643245,6,0.07160935729357688,,0.4285714328289032,0.4285714328289032,0.3444504577483451,,0.5714285969734192,69,1,,1,0,0.25,1,,,,,,,0.3333333333333333,2,,,0.3444504577483451,0.5714285969734192,"Marousi, Greece",1,0.45454545454545453,,0.24793388429752064,0.49792959773196915,0.10400444444444444,0.322497200676912,0.866,53.45454545454545,0.4,0.06666666666666667,0.5,0.9940302114769565,0.3376623473384164,0.2692101134058187,0.29097345039298195,0.3285714387893677,0.26168607897156604,0.3636363744735718,0.142857164144516,0.2269781392250741,0.35909981545928404,-1.0658050080184411,,0,0.3376623473384164,0.2692101134058187,0.29097345039298195,0.142857164144516,0.2269781392250741,1,22
2000,80106,2001,0,0.3581213405075139,11,200012,11,0.1457192165643245,6,0.07160935729357688,,0.4285714328289032,0.4285714328289032,0.38341460183067266,,0.7142857313156128,49,1,,1,0,0.03333333333333333,1,,,,,,,0.09999999999999999,2,,,0.38341460183067266,0.7142857313156128,"Marousi, Greece",1,0.45454545454545453,,0.24793388429752064,0.49792959773196915,0.10400444444444444,0.322497200676912,0.866,53.45454545454545,0.4,0.06666666666666667,0.5,0.9940302114769565,0.3376623473384164,0.2692101134058187,0.29097345039298195,0.3285714387893677,0.2577896645633333,0.3636363744735718,0.2857142984867096,0.33087112948494013,0.35909981545928404,-0.9586383639871199,,0,0.3376623473384164,0.2692101134058187,0.29097345039298195,0.2857142984867096,0.33087112948494013,1,22
2000,80107,2001,0,0.3581213405075139,11,200013,8,0.30949824006527493,6,0.0683589926176394,,0.2857142984867096,0.2857142984867096,0.23938620078216416,,0.4285714328289032,56,7,,1,0,0.033333333333333326,1,,,,,,,0.19999999999999998,2,,,0.23938620078216416,0.4285714328289032,"Marousi, Greece",1,0.75,,0.1875,0.4330127018922193,4.824457142857143,2.196464691921348,1.58,58.125,0.3333333333333333,0.21041666666666667,0.8571428571428571,0.8112781244591328,0.41071429662406445,0.35762912227769345,0.29097345039298195,0.42857143921511515,0.3745209682056262,0.3928571529686451,0.1428571343421936,0.18918523204673904,0.35909981545928404,-1.429677128362652,,0,0.41071429662406445,0.35762912227769345,0.29097345039298195,0.1428571343421936,0.18918523204673904,0.5,22
2000,80108,2001,0,0.3581213405075139,11,200013,8,0.30949824006527493,6,0.0683589926176394,,0.5714285969734192,0.5714285969734192,0.5187422117000209,,0.2857142984867096,56,1,,,1,0.3,,,,,,,,0.21666666666666667,2,,,0.5187422117000209,0.2857142984867096,"Marousi, Greece",1,0.75,,0.1875,0.4330127018922193,4.824457142857143,2.196464691921348,1.58,58.125,0.3333333333333333,0.21041666666666667,0.7142857142857143,0.8112781244591328,0.41071429662406445,0.35762912227769345,0.29097345039298195,0.3877551108598709,0.3346129666459324,0.3928571529686451,-0.2857142984867096,-0.2330279132133113,0.35909981545928404,-0.6563482211402553,,0,0.41071429662406445,0.35762912227769345,0.29097345039298195,-0.2857142984867096,-0.2330279132133113,1,22
2000,80109,2001,0,0.3581213405075139,11,200013,8,0.30949824006527493,6,0.0683589926176394,,0.4285714328289032,0.4285714328289032,0.3567673485021502,,0.8571428656578064,62,1,,1,0,0.4666666666666667,1,,,,,,,0.4766666666666667,2,,,0.3567673485021502,0.8571428656578064,"Marousi, Greece",1,0.75,,0.1875,0.4330127018922193,4.824457142857143,2.196464691921348,1.58,58.125,0.3333333333333333,0.21041666666666667,0.8571428571428571,0.8112781244591328,0.41071429662406445,0.35762912227769345,0.29097345039298195,0.40816327716623035,0.35775223281705676,0.3928571529686451,0.4285714328289032,0.5003755171556562,0.35909981545928404,-1.0306713945093087,,0,0.41071429662406445,0.35762912227769345,0.29097345039298195,0.4285714328289032,0.5003755171556562,1,22
2000,80110,2001,0,0.3581213405075139,11,200015,11,0.1216609657871286,6,0.08127812243381981,,0.2857142984867096,0.2857142984867096,0.24171280863720063,,0.2857142984867096,44,0.66,,1,1,0.04999999999999999,1,,,,,,,0.35000000000000003,2,,,0.24171280863720063,0.2857142984867096,"Marousi, Greece",1,0.45454545454545453,,0.24793388429752064,0.49792959773196915,3.489709090909091,1.8680763075712647,1.3909090909090909,56.54545454545455,0.3333333333333333,0.07045454545454545,0.4,0.9940302114769565,0.38961039889942517,0.3257428416205647,0.29097345039298195,0.4000000089406967,0.33414584491890115,0.41558443145318463,0,0.04400148984950897,0.35909981545928404,-1.4200049987289576,,0,0.38961039889942517,0.3257428416205647,0.29097345039298195,0,0.04400148984950897,0.5,22
2000,80111,2001,0,0.3581213405075139,11,200015,11,0.1216609657871286,6,0.08127812243381981,,0.4285714328289032,0.4285714328289032,0.3854687578194351,,0.5714285969734192,48,1,,1,1,0,1,,,,,,,0.08333333333333333,2,,,0.3854687578194351,0.5714285969734192,"Marousi, Greece",1,0.45454545454545453,,0.24793388429752064,0.49792959773196915,3.489709090909091,1.8680763075712647,1.3909090909090909,56.54545454545455,0.3333333333333333,0.07045454545454545,0.4,0.9940302114769565,0.38961039889942517,0.3257428416205647,0.29097345039298195,0.38571429550647734,0.3197702500006777,0.41558443145318463,0.142857164144516,0.18595983915398406,0.35909981545928404,-0.9532951325328839,,0,0.38961039889942517,0.3257428416205647,0.29097345039298195,0.142857164144516,0.18595983915398406,1,22
2000,80112,2001,0,0.3581213405075139,11,200003,10,0.21261950045802427,6,0.13995757908014386,,0.4285714328289032,0.4285714328289032,0.3500396700891173,,0.2857142984867096,19,0.66,,,1,0.18333333333333335,,,,,,,,0.4666666666666667,2,,,0.3500396700891173,0.2857142984867096,"Marousi, Greece",1,0.7,,0.21000000000000002,0.45825756949558405,6.601884444444444,2.569413249059879,2.132,40.1,0.2,0.13916666666666666,0.6666666666666666,0.8812908992306927,0.38571429550647734,0.3148212021871051,0.29097345039298195,0.3809523913595412,0.31090803908688147,0.428571443259716,-0.1428571343421936,-0.0643253716024077,0.35909981545928404,-1.049708787809759,,0,0.38571429550647734,0.3148212021871051,0.29097345039298195,-0.1428571343421936,-0.0643253716024077,0.5,22
2000,80113,2001,0,0.3581213405075139,11,200004,11,0.2493843784660947,6,0.11936182537482054,,0.4285714328289032,0.4285714328289032,0.34887546256295193,,0,69,1,,,0,0.49,,,,,,,,0.2833333333333333,2,,,0.34887546256295193,0,"Marousi, Greece",1,0.36363636363636365,,0.23140495867768596,0.48104569292083466,7.042973333333333,2.653860081717447,1.998,51.90909090909091,0.3333333333333333,0.16121212121212122,0.4,2.7492447304378675,0.38961039889942517,0.31938643944381295,0.29097345039298195,0.38571429550647734,0.31643753713189904,0.2727272781458768,-0.4285714328289032,-0.34887546256295193,0.35909981545928404,-1.05304026125637,,0,0.38961039889942517,0.31938643944381295,0.29097345039298195,-0.4285714328289032,-0.34887546256295193,1,22
2000,80114,2001,0,0.3581213405075139,11,200005,8,0.23195193614103382,6,0.13733384528723352,,0.2857142984867096,0.2857142984867096,0.1805077566935192,,0.1428571492433548,71,1,,,0,0.23333333333333334,,,,,,,,0.31666666666666665,2,,,0.1805077566935192,0.1428571492433548,"Marousi, Greece",1,0.625,,0.234375,0.48412291827592713,12.238095238095237,3.498298906339371,3.2857142857142856,57.25,0,0.18895833333333334,0.7142857142857143,0.954434002924965,0.35714286752045155,0.288127345762921,0.29097345039298195,0.3673469488109861,0.3035015727728355,0.321428582072258,-0.1428571492433548,-0.03765060745016441,0.35909981545928404,-1.7119815287612328,,0,0.35714286752045155,0.288127345762921,0.29097345039298195,-0.1428571492433548,-0.03765060745016441,1,22
2000,80115,2001,0,0.3581213405075139,11,200005,8,0.23195193614103382,6,0.13733384528723352,,0.1428571492433548,0.1428571492433548,0.11221820490152754,,0.5714285969734192,67,0,,,1,0.4166666666666667,,,,,,,,0,2,,,0.11221820490152754,0.5714285969734192,"Marousi, Greece",1,0.625,,0.234375,0.48412291827592713,12.238095238095237,3.498298906339371,3.2857142857142856,57.25,0,0.18895833333333334,0.5714285714285714,0.954434002924965,0.35714286752045155,0.288127345762921,0.29097345039298195,0.3877551129886082,0.3132572230288343,0.321428582072258,0.4285714477300644,0.4592103920718916,0.35909981545928404,-2.187310045030992,,0,0.35714286752045155,0.288127345762921,0.29097345039298195,0.4285714477300644,0.4592103920718916,0,22
2000,80116,2001,0,0.3581213405075139,11,200008,11,0.25377215506703366,6,0.17834821496417072,,0.2857142984867096,0.2857142984867096,0.2043392711516362,,0.2857142984867096,23,,,,1,0.05000000000000001,,,,,,,,0.19999999999999998,2,,,0.2043392711516362,0.2857142984867096,"Marousi, Greece",1,0.5454545454545454,,0.24793388429752067,0.4979295977319692,9.444604444444444,3.0732075173089832,2.564,47.72727272727273,0.125,0.18984848484848485,0.5,2.7976146373141844,0.3376623459837653,0.2649228248165243,0.29097345039298195,0.3428571507334709,0.2709811801830131,0.3246753351254897,0,0.0813750273350734,0.35909981545928404,-1.5879735726665822,,0,0.3376623459837653,0.2649228248165243,0.29097345039298195,0,0.0813750273350734,,22
2000,80117,2001,0,0.3581213405075139,11,200009,14,0.16693241767587985,6,0.09076118827577703,,0.4285714328289032,0.4285714328289032,0.36260395083102775,,0,54,0.66,,,0,0.016666666666666663,,,,,,,,0,2,,,0.36260395083102775,0,"Marousi, Greece",1,0.2857142857142857,,0.20408163265306123,0.45175395145262565,2.851367032967033,1.6885991332957129,1.2114285714285715,57.857142857142854,0.25,0.0913095238095238,0.3076923076923077,2.4547933471489585,0.38775510766676496,0.32300960603029155,0.29097345039298195,0.38461539034660047,0.31996388719946567,0.3469387856977327,-0.4285714328289032,-0.36260395083102775,0.35909981545928404,-1.0144440848822796,,0,0.38775510766676496,0.32300960603029155,0.29097345039298195,-0.4285714328289032,-0.36260395083102775,0.5,22
2000,80118,2001,0,0.3581213405075139,11,200009,14,0.16693241767587985,6,0.09076118827577703,,0.4285714328289032,0.4285714328289032,0.38259770053805797,,0.4285714328289032,47,1,,,1,0,,,,,,,,0,2,,,0.38259770053805797,0.4285714328289032,"Marousi, Greece",1,0.2857142857142857,,0.20408163265306123,0.45175395145262565,2.851367032967033,1.6885991332957129,1.2114285714285715,57.857142857142854,0.25,0.0913095238095238,0.23076923076923078,2.4547933471489585,0.38775510766676496,0.32300960603029155,0.29097345039298195,0.38461539034660047,0.318425906452771,0.3469387856977327,0,0.045973732290845226,0.35909981545928404,-0.9607712320879868,,0,0.38775510766676496,0.32300960603029155,0.29097345039298195,0,0.045973732290845226,1,22
2000,80119,2001,0,0.3581213405075139,11,200009,14,0.16693241767587985,6,0.09076118827577703,,0.4285714328289032,0.4285714328289032,0.3817970792253493,,0.5714285969734192,59,1,,,0,0.17833333333333332,,,,,,,,0.3,2,,,0.3817970792253493,0.5714285969734192,"Marousi, Greece",1,0.2857142857142857,,0.20408163265306123,0.45175395145262565,2.851367032967033,1.6885991332957129,1.2114285714285715,57.857142857142854,0.25,0.0913095238095238,0.3076923076923077,2.4547933471489585,0.38775510766676496,0.32300960603029155,0.29097345039298195,0.38461539034660047,0.3184874927075948,0.3469387856977327,0.142857164144516,0.1896315177480699,0.35909981545928404,-0.9628660177319324,,0,0.38775510766676496,0.32300960603029155,0.29097345039298195,0.142857164144516,0.1896315177480699,1,22
2000,80120,2001,0,0.3581213405075139,11,200011,7,0.3090832502738089,6,0.10489483136039487,,0.2857142984867096,0.2857142984867096,0.20304618199490343,,0.4285714328289032,31,1,,,1,0.5,,,,,,,,0.08333333333333333,2,,,0.20304618199490343,0.4285714328289032,"Marousi, Greece",1,0.42857142857142855,,0.24489795918367344,0.49487165930539345,0.034679999999999996,0.18622566955175646,0.8300000000000001,53.285714285714285,0.16666666666666666,0.2642857142857143,0.3333333333333333,0.9852281360342515,0.3061224605355944,0.24820981913401235,0.29097345039298195,0.3095238208770752,0.2557370919905305,0.28571429210049765,0.1428571343421936,0.22552525083399977,0.35909981545928404,-1.594321828302145,,0,0.3061224605355944,0.24820981913401235,0.29097345039298195,0.1428571343421936,0.22552525083399977,1,22
2000,80121,2001,0,0.3581213405075139,11,200012,11,0.1457192165643245,6,0.07160935729357688,,0,0,-0.0629153486827781,,0.1428571492433548,66,1,,,0,0,,,,,,,,0.04999999999999999,2,,,-0.0629153486827781,0.1428571492433548,"Marousi, Greece",1,0.45454545454545453,,0.24793388429752064,0.49792959773196915,0.10400444444444444,0.322497200676912,0.866,53.45454545454545,0.4,0.06666666666666667,0.5,0.9940302114769565,0.3376623473384164,0.2692101134058187,0.29097345039298195,0.371428582072258,0.30242265961467835,0.3636363744735718,0.1428571492433548,0.2057724979261329,0.35909981545928404,-9.210340371976182,,0,0.3376623473384164,0.2692101134058187,0.29097345039298195,0.1428571492433548,0.2057724979261329,1,22
2000,80122,2001,0,0.3581213405075139,11,200012,11,0.1457192165643245,6,0.07160935729357688,,0.4285714328289032,0.4285714328289032,0.3627212614032832,,0.5714285969734192,47,,,,1,0.23333333333333334,,,,,,,,0.3333333333333333,2,,,0.3627212614032832,0.5714285969734192,"Marousi, Greece",1,0.45454545454545453,,0.24793388429752064,0.49792959773196915,0.10400444444444444,0.322497200676912,0.866,53.45454545454545,0.4,0.06666666666666667,0.4,0.9940302114769565,0.3376623473384164,0.2692101134058187,0.29097345039298195,0.3285714387893677,0.25985899860607226,0.3636363744735718,0.142857164144516,0.208707335570136,0.35909981545928404,-1.0141206146063273,,0,0.3376623473384164,0.2692101134058187,0.29097345039298195,0.142857164144516,0.208707335570136,,22
2000,80123,2001,0,0.3581213405075139,11,200012,11,0.1457192165643245,6,0.07160935729357688,,0.4285714328289032,0.4285714328289032,0.36579612859982025,,0.4285714328289032,47,1,,,1,0.16666666666666666,,,,,,,,0.2833333333333333,2,,,0.36579612859982025,0.4285714328289032,"Marousi, Greece",1,0.45454545454545453,,0.24793388429752064,0.49792959773196915,0.10400444444444444,0.322497200676912,0.866,53.45454545454545,0.4,0.06666666666666667,0.4,0.9940302114769565,0.3376623473384164,0.2692101134058187,0.29097345039298195,0.3285714387893677,0.25955151188641856,0.3636363744735718,0,0.06277530422908295,0.35909981545928404,-1.005679126460763,,0,0.3376623473384164,0.2692101134058187,0.29097345039298195,0,0.06277530422908295,1,22
2000,80124,2001,0,0.3581213405075139,11,200012,11,0.1457192165643245,6,0.07160935729357688,,0.2857142984867096,0.2857142984867096,0.2008687525380067,,0.7142857313156128,54,1,,,0,0,,,,,,,,0,2,,,0.2008687525380067,0.7142857313156128,"Marousi, Greece",1,0.45454545454545453,,0.24793388429752064,0.49792959773196915,0.10400444444444444,0.322497200676912,0.866,53.45454545454545,0.4,0.06666666666666667,0.5,0.9940302114769565,0.3376623473384164,0.2692101134058187,0.29097345039298195,0.34285715222358704,0.27604424949259987,0.3636363744735718,0.4285714328289032,0.5134169787776061,0.35909981545928404,-1.6051035566501466,,0,0.3376623473384164,0.2692101134058187,0.29097345039298195,0.4285714328289032,0.5134169787776061,1,22
2000,80125,2001,0,0.3581213405075139,11,200013,8,0.30949824006527493,6,0.0683589926176394,,0.2857142984867096,0.2857142984867096,0.22582903356456202,,0.4285714328289032,65,0.66,,,1,0,,,,,,,,0.08333333333333333,2,,,0.22582903356456202,0.4285714328289032,"Marousi, Greece",1,0.75,,0.1875,0.4330127018922193,4.824457142857143,2.196464691921348,1.58,58.125,0.3333333333333333,0.21041666666666667,0.7142857142857143,0.8112781244591328,0.41071429662406445,0.35762912227769345,0.29097345039298195,0.42857143921511515,0.3764577063795694,0.3928571529686451,0.1428571343421936,0.20274239926434118,0.35909981545928404,-1.4879770546441606,,0,0.41071429662406445,0.35762912227769345,0.29097345039298195,0.1428571343421936,0.20274239926434118,0.5,22
2000,80126,2001,0,0.3581213405075139,11,200014,10,0.2168649169725033,6,0.059573540498399614,,0.4285714328289032,0.4285714328289032,0.36689056584668006,,0.4285714328289032,46,1,,,0,0.35000000000000003,,,,,,,,0.08333333333333333,2,,,0.36689056584668006,0.4285714328289032,"Marousi, Greece",1,0.3,,0.21,0.458257569495584,4.587307142857143,2.1417999773221457,1.7075,53.1,0,0.12366666666666667,0.3333333333333333,0.8812908992306927,0.3142857253551483,0.2500554752008853,0.29097345039298195,0.30158731341362,0.23707379846246365,0.4000000163912773,0,0.06168086698222314,0.35909981545928404,-1.0026916610976324,,0,0.3142857253551483,0.2500554752008853,0.29097345039298195,0,0.06168086698222314,1,22
2000,80127,2001,0,0.3581213405075139,11,200014,10,0.2168649169725033,6,0.059573540498399614,,0.2857142984867096,0.2857142984867096,0.21881068360053108,,0.2857142984867096,80,1,,,0,0,,,,,,,,0.2333333333333333,2,,,0.21881068360053108,0.2857142984867096,"Marousi, Greece",1,0.3,,0.21,0.458257569495584,4.587307142857143,2.1417999773221457,1.7075,53.1,0,0.12366666666666667,0.3333333333333333,0.8812908992306927,0.3142857253551483,0.2500554752008853,0.29097345039298195,0.3174603283405304,0.2535271187120357,0.4000000163912773,0,0.06690361488617852,0.35909981545928404,-1.5195483814703743,,0,0.3142857253551483,0.2500554752008853,0.29097345039298195,0,0.06690361488617852,1,22
2000,80128,2001,0,0.3581213405075139,11,200014,10,0.2168649169725033,6,0.059573540498399614,,0.1428571492433548,0.1428571492433548,0.09164087785844774,,0.5714285969734192,42,7,,,1,0,,,,,,,,0.2833333333333333,2,,,0.09164087785844774,0.5714285969734192,"Marousi, Greece",1,0.3,,0.21,0.458257569495584,4.587307142857143,2.1417999773221457,1.7075,53.1,0,0.12366666666666667,0.2222222222222222,0.8812908992306927,0.3142857253551483,0.2500554752008853,0.29097345039298195,0.3333333449231254,0.26765709712782276,0.4000000163912773,0.4285714477300644,0.4797877191149714,0.35909981545928404,-2.3898778420183713,,0,0.3142857253551483,0.2500554752008853,0.29097345039298195,0.4285714477300644,0.4797877191149714,0.5,22
2000,80129,2001,0,0.3581213405075139,11,200004,11,0.2493843784660947,6,0.11936182537482054,,0.4285714328289032,0.4285714328289032,0.3671426716360508,,0,31,7,,0.2,0,0,0,,,,,,,0.2833333333333333,2,,,0.3671426716360508,0,"Marousi, Greece",1,0.36363636363636365,,0.23140495867768596,0.48104569292083466,7.042973333333333,2.653860081717447,1.998,51.90909090909091,0.3333333333333333,0.16121212121212122,0.4,2.7492447304378675,0.38961039889942517,0.31938643944381295,0.29097345039298195,0.38571429550647734,0.3146108162245892,0.2727272781458768,-0.4285714328289032,-0.3671426716360508,0.35909981545928404,-1.0020047554197695,,0,0.38961039889942517,0.31938643944381295,0.29097345039298195,-0.4285714328289032,-0.3671426716360508,0.5,22
2000,80130,2001,0,0.3581213405075139,11,200004,11,0.2493843784660947,6,0.11936182537482054,,0.5714285969734192,0.5714285969734192,0.5240613032977736,,0,40,1,,,0,0.18333333333333332,,,,,,,,0.23333333333333334,2,,,0.5240613032977736,0,"Marousi, Greece",1,0.36363636363636365,,0.23140495867768596,0.48104569292083466,7.042973333333333,2.653860081717447,1.998,51.90909090909091,0.3333333333333333,0.16121212121212122,0.4,2.7492447304378675,0.38961039889942517,0.31938643944381295,0.29097345039298195,0.37142857909202576,0.29891895305841687,0.2727272781458768,-0.5714285969734192,-0.5240613032977736,0.35909981545928404,-0.6461466104777259,,0,0.38961039889942517,0.31938643944381295,0.29097345039298195,-0.5714285969734192,-0.5240613032977736,1,22
2000,80131,2001,0,0.3581213405075139,11,200005,8,0.23195193614103382,6,0.13733384528723352,,0.4285714328289032,0.4285714328289032,0.3940712400390211,,0,70,0,,0,1,0.2,0,,,,,,,0.08333333333333333,2,,,0.3940712400390211,0,"Marousi, Greece",1,0.625,,0.234375,0.48412291827592713,12.238095238095237,3.498298906339371,3.2857142857142856,57.25,0,0.18895833333333334,0.5714285714285714,0.954434002924965,0.35714286752045155,0.288127345762921,0.29097345039298195,0.3469387867621013,0.2729925037234781,0.321428582072258,-0.4285714328289032,-0.3940712400390211,0.35909981545928404,-0.9312235737469943,,0,0.35714286752045155,0.288127345762921,0.29097345039298195,-0.4285714328289032,-0.3940712400390211,0,22
2000,80132,2001,0,0.3581213405075139,11,200006,10,0.23437745834201174,6,0.13807942406497534,,0.1428571492433548,0.1428571492433548,0.07559387183773052,,0,68,1,,0.4,0,0,0,,,,,,,0.18333333333333332,2,,,0.07559387183773052,0,"Marousi, Greece",1,0.4,,0.24,0.4898979485566356,4.2587777777777776,2.063680638514055,1.5155555555555555,56.1,0.125,0.18683333333333332,0.4444444444444444,0.9709505944546686,0.3571428686380386,0.28829295594124826,0.29097345039298195,0.3809523930152257,0.31192618750830575,0.3714285805821419,-0.1428571492433548,-0.07559387183773052,0.35909981545928404,-2.5823800594296973,,0,0.3571428686380386,0.28829295594124826,0.29097345039298195,-0.1428571492433548,-0.07559387183773052,1,22
2000,80133,2001,0,0.3581213405075139,11,200007,8,0.07127112764170482,6,0,,0.1428571492433548,0.1428571492433548,0.03141603079389384,,0,70,0.66,,,0,0.033333333333333326,,,,,,,,0,2,,,0.03141603079389384,0,"Marousi, Greece",1,0.25,,0.1875,0.4330127018922193,4.985485714285714,2.2328201258242264,1.54,50.125,0.6666666666666666,0.03125,0.2857142857142857,2.561278124459133,0.23214286379516125,0.15024624207210924,0.29097345039298195,0.24489796587399074,0.16722198654042572,0.160714291036129,-0.1428571492433548,-0.03141603079389384,0.35909981545928404,-3.4604369815091167,,0,0.23214286379516125,0.15024624207210924,0.29097345039298195,-0.1428571492433548,-0.03141603079389384,0.5,22
2000,80134,2001,0,0.3581213405075139,11,200007,8,0.07127112764170482,6,0,,0.4285714328289032,0.4285714328289032,0.3624016920913595,,0,44,0.66,,,1,0,,,,,,,,0,2,,,0.3624016920913595,0,"Marousi, Greece",1,0.25,,0.1875,0.4330127018922193,4.985485714285714,2.2328201258242264,1.54,50.125,0.6666666666666666,0.03125,0.14285714285714285,2.561278124459133,0.23214286379516125,0.15024624207210924,0.29097345039298195,0.20408163964748383,0.11993832064078777,0.160714291036129,-0.4285714328289032,-0.3624016920913595,0.35909981545928404,-1.0150020356979452,,0,0.23214286379516125,0.15024624207210924,0.29097345039298195,-0.4285714328289032,-0.3624016920913595,0.5,22
2000,80135,2001,0,0.3581213405075139,11,200009,14,0.16693241767587985,6,0.09076118827577703,,0.4285714328289032,0.4285714328289032,0.3506684945766272,,0,55,0.66,,0.2,0,0,0,,,,,,,0,2,,,0.3506684945766272,0,"Marousi, Greece",1,0.2857142857142857,,0.20408163265306123,0.45175395145262565,2.851367032967033,1.6885991332957129,1.2114285714285715,57.857142857142854,0.25,0.0913095238095238,0.3076923076923077,2.4547933471489585,0.38775510766676496,0.32300960603029155,0.29097345039298195,0.38461539034660047,0.32088199921903493,0.3469387856977327,-0.4285714328289032,-0.3506684945766272,0.35909981545928404,-1.0479139616951874,,0,0.38775510766676496,0.32300960603029155,0.29097345039298195,-0.4285714328289032,-0.3506684945766272,0.5,22
2000,80136,2001,0,0.3581213405075139,11,200009,14,0.16693241767587985,6,0.09076118827577703,,0.4285714328289032,0.4285714328289032,0.32940294337666665,,0,55,1,,,0,0.016666666666666663,,,,,,,,0.43333333333333335,2,,,0.32940294337666665,0,"Marousi, Greece",1,0.2857142857142857,,0.20408163265306123,0.45175395145262565,2.851367032967033,1.6885991332957129,1.2114285714285715,57.857142857142854,0.25,0.0913095238095238,0.3076923076923077,2.4547933471489585,0.38775510766676496,0.32300960603029155,0.29097345039298195,0.38461539034660047,0.32251781084980113,0.3469387856977327,-0.4285714328289032,-0.32940294337666665,0.35909981545928404,-1.1104735257087963,,0,0.38775510766676496,0.32300960603029155,0.29097345039298195,-0.4285714328289032,-0.32940294337666665,1,22
2000,80137,2001,0,0.3581213405075139,11,200012,11,0.1457192165643245,6,0.07160935729357688,,0.2857142984867096,0.2857142984867096,0.1947557129660093,,0,75,0,,,1,0,,,,,,,,0,2,,,0.1947557129660093,0,"Marousi, Greece",1,0.45454545454545453,,0.24793388429752064,0.49792959773196915,0.10400444444444444,0.322497200676912,0.866,53.45454545454545,0.4,0.06666666666666667,0.4,0.9940302114769565,0.3376623473384164,0.2692101134058187,0.29097345039298195,0.34285715222358704,0.27665555344979964,0.3636363744735718,-0.2857142984867096,-0.1947557129660093,0.35909981545928404,-1.636009259791144,,0,0.3376623473384164,0.2692101134058187,0.29097345039298195,-0.2857142984867096,-0.1947557129660093,0,22
2000,80138,2001,0,0.3581213405075139,11,200012,11,0.1457192165643245,6,0.07160935729357688,,0.2857142984867096,0.2857142984867096,0.22465395799019938,,0,58,1,,,0,0,,,,,,,,0,2,,,0.22465395799019938,0,"Marousi, Greece",1,0.45454545454545453,,0.24793388429752064,0.49792959773196915,0.10400444444444444,0.322497200676912,0.866,53.45454545454545,0.4,0.06666666666666667,0.5,0.9940302114769565,0.3376623473384164,0.2692101134058187,0.29097345039298195,0.34285715222358704,0.2736657289473806,0.3636363744735718,-0.2857142984867096,-0.22465395799019938,0.35909981545928404,-1.4931940251471036,,0,0.3376623473384164,0.2692101134058187,0.29097345039298195,-0.2857142984867096,-0.22465395799019938,1,22
2000,80139,2001,0,0.3581213405075139,11,200013,8,0.30949824006527493,6,0.0683589926176394,,0.4285714328289032,0.4285714328289032,0.37495996892494643,,0,63,1,,0.6,1,0.06666666666666667,0,,,,,,,0.033333333333333326,2,,,0.37495996892494643,0,"Marousi, Greece",1,0.75,,0.1875,0.4330127018922193,4.824457142857143,2.196464691921348,1.58,58.125,0.3333333333333333,0.21041666666666667,0.7142857142857143,0.8112781244591328,0.41071429662406445,0.35762912227769345,0.29097345039298195,0.40816327716623035,0.3551532870423716,0.3928571529686451,-0.4285714328289032,-0.37495996892494643,0.35909981545928404,-0.9809360082433394,,0,0.41071429662406445,0.35762912227769345,0.29097345039298195,-0.4285714328289032,-0.37495996892494643,1,22
2000,80140,2001,0,0.3581213405075139,11,200015,11,0.1216609657871286,6,0.08127812243381981,,0.2857142984867096,0.2857142984867096,0.24782965269009966,,0,67,1,,,0,0.049999999999999996,,,,,,,,0.08333333333333333,2,,,0.24782965269009966,0,"Marousi, Greece",1,0.45454545454545453,,0.24793388429752064,0.49792959773196915,3.489709090909091,1.8680763075712647,1.3909090909090909,56.54545454545455,0.3333333333333333,0.07045454545454545,0.5,0.9940302114769565,0.38961039889942517,0.3257428416205647,0.29097345039298195,0.4000000089406967,0.33353416051361123,0.41558443145318463,-0.2857142984867096,-0.24782965269009966,0.35909981545928404,-1.3950136531443817,,0,0.38961039889942517,0.3257428416205647,0.29097345039298195,-0.2857142984867096,-0.24782965269009966,1,22
2000,80141,2001,0,0.3581213405075139,11,200015,11,0.1216609657871286,6,0.08127812243381981,,0.1428571492433548,0.1428571492433548,0.050890888252594316,,0,72,0.66,,,0,0.21666666666666667,,,,,,,,0.435,2,,,0.050890888252594316,0,"Marousi, Greece",1,0.45454545454545453,,0.24793388429752064,0.49792959773196915,3.489709090909091,1.8680763075712647,1.3909090909090909,56.54545454545455,0.3333333333333333,0.07045454545454545,0.5,0.9940302114769565,0.38961039889942517,0.3257428416205647,0.29097345039298195,0.4142857238650322,0.35322803695736177,0.41558443145318463,-0.1428571492433548,-0.050890888252594316,0.35909981545928404,-2.978071384169518,,0,0.38961039889942517,0.3257428416205647,0.29097345039298195,-0.1428571492433548,-0.050890888252594316,0.5,22
2000,80142,2001,0,0.3581213405075139,11,200004,11,0.2493843784660947,6,0.11936182537482054,,0.4285714328289032,0.4285714328289032,0.4033304154030879,,0,22,0.66,,1,0,0.33333333333333337,1,,,,,,,0.19999999999999998,2,,,0.4033304154030879,0,"Marousi, Greece",1,0.36363636363636365,,0.23140495867768596,0.48104569292083466,7.042973333333333,2.653860081717447,1.998,51.90909090909091,0.3333333333333333,0.16121212121212122,0.4,2.7492447304378675,0.38961039889942517,0.31938643944381295,0.29097345039298195,0.38571429550647734,0.3109920418478854,0.2727272781458768,-0.4285714328289032,-0.4033304154030879,0.35909981545928404,-0.907999163623428,,0,0.38961039889942517,0.31938643944381295,0.29097345039298195,-0.4285714328289032,-0.4033304154030879,0.5,22
2000,80143,2001,0,0.3581213405075139,11,200007,8,0.07127112764170482,6,0,,0.4285714328289032,0.4285714328289032,0.3502804860512578,,0,62,1,,1,0,0.016666666666666663,1,,,,,,,0,2,,,0.3502804860512578,0,"Marousi, Greece",1,0.25,,0.1875,0.4330127018922193,4.985485714285714,2.2328201258242264,1.54,50.125,0.6666666666666666,0.03125,0.2857142857142857,2.561278124459133,0.23214286379516125,0.15024624207210924,0.29097345039298195,0.20408163964748383,0.12166992150365943,0.160714291036129,-0.4285714328289032,-0.3502804860512578,0.35909981545928404,-1.049021056721283,,0,0.23214286379516125,0.15024624207210924,0.29097345039298195,-0.4285714328289032,-0.3502804860512578,1,22
2000,80144,2001,0,0.3581213405075139,11,200007,8,0.07127112764170482,6,0,,0.2857142984867096,0.2857142984867096,0.21638020200154184,,0,44,1,,,0,0,,,,,,,,0.06666666666666665,2,,,0.21638020200154184,0,"Marousi, Greece",1,0.25,,0.1875,0.4330127018922193,4.985485714285714,2.2328201258242264,1.54,50.125,0.6666666666666666,0.03125,0.2857142857142857,2.561278124459133,0.23214286379516125,0.15024624207210924,0.29097345039298195,0.22448980169636862,0.14079853351076171,0.160714291036129,-0.2857142984867096,-0.21638020200154184,0.35909981545928404,-1.5307182241731785,,0,0.23214286379516125,0.15024624207210924,0.29097345039298195,-0.2857142984867096,-0.21638020200154184,1,22
2000,80145,2001,0,0.3581213405075139,11,200006,10,0.23437745834201174,6,0.13807942406497534,,0.4285714328289032,0.4285714328289032,0.34995254500243794,,0,56,1,,,1,0.35,,,,,,,,0.2,2,,,0.34995254500243794,0,"Marousi, Greece",1,0.4,,0.24,0.4898979485566356,4.2587777777777776,2.063680638514055,1.5155555555555555,56.1,0.125,0.18683333333333332,0.3333333333333333,0.9709505944546686,0.3571428686380386,0.28829295594124826,0.29097345039298195,0.3492063615057204,0.28144189049000495,0.3714285805821419,-0.4285714328289032,-0.34995254500243794,0.35909981545928404,-1.0499577193985707,,0,0.3571428686380386,0.28829295594124826,0.29097345039298195,-0.4285714328289032,-0.34995254500243794,1,22
